<?xml version="1.0" encoding="UTF-8"?><gpx creator="Wikiloc - http://www.wikiloc.com" version="1.1" xmlns="http://www.topografix.com/GPX/1/1" xmlns:xsi="http://www.w3.org/2001/XMLSchema-instance" xsi:schemaLocation="http://www.topografix.com/GPX/1/1 http://www.topografix.com/GPX/1/1/gpx.xsd"><metadata><name><![CDATA[Alhama de Granada tajos - monumentos- pantaneta]]></name><author><name><![CDATA[POLICALPIO GUARACHON]]></name><link href="https://www.wikiloc.com/wikiloc/user.do?id=6552961"><text><![CDATA[POLICALPIO GUARACHON on Wikiloc]]></text></link></author><link href="https://www.wikiloc.com/wikiloc/view.do?id=130861089"><text><![CDATA[Alhama de Granada tajos - monumentos- pantaneta on Wikiloc]]></text></link><time>2023-04-08T11:24:24Z</time></metadata><wpt lat="37.00253" lon="-3.989114"><ele>942.0</ele><name><![CDATA[Comienzo y fin de la ruta plaza de la constitución]]></name><cmt><![CDATA[Comienzo y fin de la ruta plaza de la constitución]]></cmt></wpt><wpt lat="37.002704" lon="-3.988027"><ele>891.0</ele><name><![CDATA[Castillo alhama de granada]]></name><cmt><![CDATA[Castillo alhama de granada]]></cmt></wpt><wpt lat="37.00273" lon="-3.987656"><ele>890.0</ele><name><![CDATA[Iglesia del carme]]></name><cmt><![CDATA[Iglesia del carme]]></cmt></wpt><wpt lat="37.002851" lon="-3.987251"><ele>889.0</ele><name><![CDATA[Cruz]]></name><cmt><![CDATA[Cruz]]></cmt></wpt><wpt lat="37.002935" lon="-3.986947"><ele>888.0</ele><name><![CDATA[Vistas tajos]]></name><cmt><![CDATA[Vistas tajos]]></cmt></wpt><wpt lat="37.003351" lon="-3.986278"><ele>891.0</ele><name><![CDATA[Iglesia de la encarnación]]></name><cmt><![CDATA[Iglesia de la encarnación]]></cmt></wpt><wpt lat="37.003815" lon="-3.98602"><ele>894.0</ele><name><![CDATA[Plaza delos presos]]></name><cmt><![CDATA[Plaza delos presos]]></cmt></wpt><wpt lat="37.003617" lon="-3.984847"><ele>884.0</ele><name><![CDATA[Izquierda mazmorras y tajos]]></name><cmt><![CDATA[Izquierda mazmorras y tajos]]></cmt></wpt><wpt lat="37.003425" lon="-3.984724"><ele>878.0</ele><name><![CDATA[Los tajos]]></name><cmt><![CDATA[Los tajos]]></cmt></wpt><wpt lat="37.003096" lon="-3.983443"><ele>862.0</ele><name><![CDATA[Las mazmorras]]></name><cmt><![CDATA[Las mazmorras]]></cmt></wpt><wpt lat="37.003263" lon="-3.983334"><ele>860.0</ele><name><![CDATA[Foto]]></name><cmt><![CDATA[Foto]]></cmt></wpt><wpt lat="37.003263" lon="-3.983334"><ele>860.0</ele><name><![CDATA[Bajada a los tajos]]></name><cmt><![CDATA[Bajada a los tajos]]></cmt></wpt><wpt lat="37.003203" lon="-3.982857"><ele>827.0</ele><name><![CDATA[Puente Río alhama]]></name><cmt><![CDATA[Puente Río alhama]]></cmt></wpt><wpt lat="37.002811" lon="-3.982629"><ele>837.0</ele><name><![CDATA[Cueva del pringoso]]></name><cmt><![CDATA[Cueva del pringoso]]></cmt></wpt><wpt lat="37.002857" lon="-3.985268"><ele>835.0</ele><name><![CDATA[Fabrica]]></name><cmt><![CDATA[Fabrica]]></cmt></wpt><wpt lat="37.002793" lon="-3.985636"><ele>836.0</ele><name><![CDATA[Puente]]></name><cmt><![CDATA[Puente]]></cmt></wpt><wpt lat="37.002047" lon="-3.986533"><ele>843.0</ele><name><![CDATA[Puente romano]]></name><cmt><![CDATA[Puente romano]]></cmt></wpt><wpt lat="37.0028" lon="-3.985778"><ele>839.0</ele><name><![CDATA[Izquierda]]></name><cmt><![CDATA[Izquierda]]></cmt></wpt><wpt lat="37.002655" lon="-3.986315"><ele>841.0</ele><name><![CDATA[Las lavaderas]]></name><cmt><![CDATA[Las lavaderas]]></cmt></wpt><wpt lat="37.002299" lon="-3.986764"><ele>838.0</ele><name><![CDATA[Río alhama]]></name><cmt><![CDATA[Río alhama]]></cmt></wpt><wpt lat="37.001701" lon="-3.98704"><ele>850.0</ele><name><![CDATA[Fabbrica de harinas la pirisima]]></name><cmt><![CDATA[Fabbrica de harinas la pirisima]]></cmt></wpt><wpt lat="37.001326" lon="-3.987681"><ele>866.0</ele><name><![CDATA[Panel informativo tajos de alhama]]></name><cmt><![CDATA[Panel informativo tajos de alhama]]></cmt></wpt><wpt lat="37.001028" lon="-3.987521"><ele>868.0</ele><name><![CDATA[Casas cueva en ruinas]]></name><cmt><![CDATA[Casas cueva en ruinas]]></cmt></wpt><wpt lat="37.000516" lon="-3.987545"><ele>870.0</ele><name><![CDATA[Río alhama]]></name><cmt><![CDATA[Río alhama]]></cmt></wpt><wpt lat="36.999225" lon="-3.987177"><ele>883.0</ele><name><![CDATA[Casas cueva]]></name><cmt><![CDATA[Casas cueva]]></cmt></wpt><wpt lat="36.998311" lon="-3.987121"><ele>898.0</ele><name><![CDATA[Mirador]]></name><cmt><![CDATA[Mirador]]></cmt></wpt><wpt lat="36.997164" lon="-3.987286"><ele>892.0</ele><name><![CDATA[Casa cueva]]></name><cmt><![CDATA[Casa cueva]]></cmt></wpt><wpt lat="36.996476" lon="-3.987142"><ele>883.0</ele><name><![CDATA[Hermita de nuestra señora de los Ángeles]]></name><cmt><![CDATA[Hermita de nuestra señora de los Ángeles]]></cmt></wpt><wpt lat="36.995838" lon="-3.987063"><ele>885.0</ele><name><![CDATA[Piedra caballo]]></name><cmt><![CDATA[Piedra caballo]]></cmt></wpt><wpt lat="36.995608" lon="-3.986904"><ele>883.0</ele><name><![CDATA[Panel informativo la flora de los tajos]]></name><cmt><![CDATA[Panel informativo la flora de los tajos]]></cmt></wpt><wpt lat="36.991925" lon="-3.986426"><ele>883.0</ele><name><![CDATA[Aera de descanso]]></name><cmt><![CDATA[Aera de descanso]]></cmt></wpt><wpt lat="36.990034" lon="-3.985568"><ele>885.0</ele><name><![CDATA[Izquierda]]></name><cmt><![CDATA[Izquierda]]></cmt></wpt><wpt lat="36.986011" lon="-3.984187"><ele>892.0</ele><name><![CDATA[Pantaneta presa de los bermejales]]></name><cmt><![CDATA[Pantaneta presa de los bermejales]]></cmt></wpt><wpt lat="36.98601" lon="-3.985245"><ele>895.0</ele><name><![CDATA[Pantaneta]]></name><cmt><![CDATA[Pantaneta]]></cmt></wpt><wpt lat="36.986312" lon="-3.985044"><ele>892.0</ele><name><![CDATA[Izquierda cruzamos la carretera]]></name><cmt><![CDATA[Izquierda cruzamos la carretera]]></cmt></wpt><wpt lat="36.998369" lon="-3.987298"><ele>900.0</ele><name><![CDATA[Izquierda]]></name><cmt><![CDATA[Izquierda]]></cmt></wpt><wpt lat="37.001327" lon="-3.989682"><ele>904.0</ele><name><![CDATA[El pilon de la parra]]></name><cmt><![CDATA[El pilon de la parra]]></cmt></wpt><trk><name><![CDATA[Alhama de Granada tajos - monumentos- pantaneta]]></name><cmt><![CDATA[Para la ruta de hoy nos desplazamos a Alhama de Granada, pueblo que nos sorprenderá por su rico patrimonio histórico. Es posible poder aparcar en la Plaza de la Constitución ó aledaños, si llegamos pronto. 
 
Comenzamos la ruta haciendo un pequeño recorrido por su casco histórico y viendo edificios de gran interés. Sería importante al llegar visitar la oficina de turismo, situada junto al ayuntamiento. 
 
Una vez realizado este recorrido el cual se puede hacer con visita guiada, nos introducimos en los Tajos de Alhama, por una de sus distintas bajadas, en nuestro caso junto a las Mazmorras. 
 
En mi caso al llegar abajo, cruzó el Río Alhama y tomo el sendero por la izquierda de su Rivera. 
 
Más adelante encontramos ruinas de varios molinos harineros y cambiaremos al otro margen. Por el cual seguiremos ahora y hasta llegar a la Pantaneta. 
 
Antes pasaremos por la Ermita de los Ángeles y al llegar a un carril seguimos por el, haciendo un desvío por la derecha(otras veces he seguido por la izquierda y cruzado el puente). 
 
Este carril nos sacará hasta la carretera, aquí encontramos el sendero de gran recorrido GR 7 y también la ruta Alhama - La Maroma. 
 
En nuestro caso cruzamos la carretera y seguimos el sendero, el cual nos introducimos en el centro de la Pantaneta, teniendo aquí unas magníficas vistas de este lugar, también la mejor situación para avistamiento de aves. 
 
Salimos de este lugar y cruzamos la carretera, el día de hoy sigo por un carril entre álamos (otras veces he caminado por la otra margen) 
 
Al pasar la alameda, sigo por el tramo que he traído en la ida y me desvío al pasar la Ermita, por un carril a la izquierda yen breve ascenso. 
 
Después unas bonitas vistas de Alhama de Granada, una pequeña rampa y llegada al final dela ruta. 
 
Ruta de ejecución fácil y de enorme belleza, no tiene difícultad técnica. 
 
No tenemos agua en ruta, pero si tiene muchas fuentes en su enclave histórico. 
 
-------------------------------------------------------------------------------------------------------------- 
 
La ruta aquí descrita, así como los tracks para GPS son orientativos. Queda bajo la responsabilidad de quién la realice, tomar las medidas de seguridad apropiadas para el itinerario, que dependerán de las condiciones climatológicas, así como la preparación tanto técnica como física de la persona que la lleve a cabo. Quede bien claro que todo lo indicado (track y comentarios) es meramente a nivel informativo y sin ningún otro tipo de ánimo, eximiéndose el autor de responsabilidad alguna, ante cualquier percance que pudiera sufrir quién por voluntad propia o inducida realice la ruta.]]></cmt><desc><![CDATA[Para la ruta de hoy nos desplazamos a Alhama de Granada, pueblo que nos sorprenderá por su rico patrimonio histórico. Es posible poder aparcar en la Plaza de la Constitución ó aledaños, si llegamos pronto. 
 
Comenzamos la ruta haciendo un pequeño recorrido por su casco histórico y viendo edificios de gran interés. Sería importante al llegar visitar la oficina de turismo, situada junto al ayuntamiento. 
 
Una vez realizado este recorrido el cual se puede hacer con visita guiada, nos introducimos en los Tajos de Alhama, por una de sus distintas bajadas, en nuestro caso junto a las Mazmorras. 
 
En mi caso al llegar abajo, cruzó el Río Alhama y tomo el sendero por la izquierda de su Rivera. 
 
Más adelante encontramos ruinas de varios molinos harineros y cambiaremos al otro margen. Por el cual seguiremos ahora y hasta llegar a la Pantaneta. 
 
Antes pasaremos por la Ermita de los Ángeles y al llegar a un carril seguimos por el, haciendo un desvío por la derecha(otras veces he seguido por la izquierda y cruzado el puente). 
 
Este carril nos sacará hasta la carretera, aquí encontramos el sendero de gran recorrido GR 7 y también la ruta Alhama - La Maroma. 
 
En nuestro caso cruzamos la carretera y seguimos el sendero, el cual nos introducimos en el centro de la Pantaneta, teniendo aquí unas magníficas vistas de este lugar, también la mejor situación para avistamiento de aves. 
 
Salimos de este lugar y cruzamos la carretera, el día de hoy sigo por un carril entre álamos (otras veces he caminado por la otra margen) 
 
Al pasar la alameda, sigo por el tramo que he traído en la ida y me desvío al pasar la Ermita, por un carril a la izquierda yen breve ascenso. 
 
Después unas bonitas vistas de Alhama de Granada, una pequeña rampa y llegada al final dela ruta. 
 
Ruta de ejecución fácil y de enorme belleza, no tiene difícultad técnica. 
 
No tenemos agua en ruta, pero si tiene muchas fuentes en su enclave histórico. 
 
-------------------------------------------------------------------------------------------------------------- 
 
La ruta aquí descrita, así como los tracks para GPS son orientativos. Queda bajo la responsabilidad de quién la realice, tomar las medidas de seguridad apropiadas para el itinerario, que dependerán de las condiciones climatológicas, así como la preparación tanto técnica como física de la persona que la lleve a cabo. Quede bien claro que todo lo indicado (track y comentarios) es meramente a nivel informativo y sin ningún otro tipo de ánimo, eximiéndose el autor de responsabilidad alguna, ante cualquier percance que pudiera sufrir quién por voluntad propia o inducida realice la ruta.]]></desc><trkseg><trkpt lat="37.00253" lon="-3.989114"><ele>894.651</ele><time>2023-04-08T11:24:24Z</time></trkpt><trkpt lat="37.002522" lon="-3.989048"><ele>894.601</ele><time>2023-04-08T11:24:37Z</time></trkpt><trkpt lat="37.002518" lon="-3.988986"><ele>894.411</ele><time>2023-04-08T11:24:42Z</time></trkpt><trkpt lat="37.002536" lon="-3.988929"><ele>894.309</ele><time>2023-04-08T11:24:50Z</time></trkpt><trkpt lat="37.00252" lon="-3.9888670000000004"><ele>894.386</ele><time>2023-04-08T11:24:59Z</time></trkpt><trkpt lat="37.002486" lon="-3.9888270000000006"><ele>894.238</ele><time>2023-04-08T11:25:04Z</time></trkpt><trkpt lat="37.002447" lon="-3.9887810000000004"><ele>894.255</ele><time>2023-04-08T11:25:09Z</time></trkpt><trkpt lat="37.002412" lon="-3.9887410000000005"><ele>893.933</ele><time>2023-04-08T11:25:16Z</time></trkpt><trkpt lat="37.002364" lon="-3.9887270000000004"><ele>893.831</ele><time>2023-04-08T11:25:27Z</time></trkpt><trkpt lat="37.00232" lon="-3.9887570000000006"><ele>893.736</ele><time>2023-04-08T11:25:32Z</time></trkpt><trkpt lat="37.002302" lon="-3.9888140000000005"><ele>893.775</ele><time>2023-04-08T11:25:36Z</time></trkpt><trkpt lat="37.002253" lon="-3.9888330000000005"><ele>893.743</ele><time>2023-04-08T11:25:42Z</time></trkpt><trkpt lat="37.002210000000005" lon="-3.9888530000000006"><ele>893.934</ele><time>2023-04-08T11:25:47Z</time></trkpt><trkpt lat="37.002169" lon="-3.9888880000000007"><ele>895.169</ele><time>2023-04-08T11:25:52Z</time></trkpt><trkpt lat="37.002211" lon="-3.9889110000000008"><ele>896.704</ele><time>2023-04-08T11:26:12Z</time></trkpt><trkpt lat="37.002258000000005" lon="-3.9888850000000007"><ele>897.024</ele><time>2023-04-08T11:26:40Z</time></trkpt><trkpt lat="37.00229600000001" lon="-3.988851000000001"><ele>897.009</ele><time>2023-04-08T11:26:45Z</time></trkpt><trkpt lat="37.00233400000001" lon="-3.9888150000000007"><ele>896.997</ele><time>2023-04-08T11:26:49Z</time></trkpt><trkpt lat="37.002361000000015" lon="-3.9887610000000007"><ele>896.679</ele><time>2023-04-08T11:26:53Z</time></trkpt><trkpt lat="37.002395000000014" lon="-3.9887100000000006"><ele>896.546</ele><time>2023-04-08T11:26:57Z</time></trkpt><trkpt lat="37.002434000000015" lon="-3.9886660000000007"><ele>895.144</ele><time>2023-04-08T11:27:02Z</time></trkpt><trkpt lat="37.00245200000001" lon="-3.9886020000000006"><ele>894.372</ele><time>2023-04-08T11:27:07Z</time></trkpt><trkpt lat="37.00246600000001" lon="-3.988546000000001"><ele>894.077</ele><time>2023-04-08T11:27:11Z</time></trkpt><trkpt lat="37.00248100000001" lon="-3.988493000000001"><ele>893.426</ele><time>2023-04-08T11:27:15Z</time></trkpt><trkpt lat="37.00249700000001" lon="-3.988438000000001"><ele>892.834</ele><time>2023-04-08T11:27:19Z</time></trkpt><trkpt lat="37.002521000000016" lon="-3.988388000000001"><ele>892.525</ele><time>2023-04-08T11:27:23Z</time></trkpt><trkpt lat="37.00254300000002" lon="-3.988333000000001"><ele>892.447</ele><time>2023-04-08T11:27:27Z</time></trkpt><trkpt lat="37.002572000000015" lon="-3.988286000000001"><ele>892.029</ele><time>2023-04-08T11:27:31Z</time></trkpt><trkpt lat="37.002597000000016" lon="-3.9882340000000007"><ele>892.021</ele><time>2023-04-08T11:27:35Z</time></trkpt><trkpt lat="37.00262400000002" lon="-3.988178000000001"><ele>891.809</ele><time>2023-04-08T11:27:39Z</time></trkpt><trkpt lat="37.00265400000002" lon="-3.988121000000001"><ele>891.555</ele><time>2023-04-08T11:27:44Z</time></trkpt><trkpt lat="37.00270000000002" lon="-3.9880850000000008"><ele>891.437</ele><time>2023-04-08T11:27:49Z</time></trkpt><trkpt lat="37.00270500000002" lon="-3.9880240000000007"><ele>891.284</ele><time>2023-04-08T11:27:54Z</time></trkpt><trkpt lat="37.00271400000002" lon="-3.987965000000001"><ele>890.782</ele><time>2023-04-08T11:27:58Z</time></trkpt><trkpt lat="37.00271700000002" lon="-3.987893000000001"><ele>890.690</ele><time>2023-04-08T11:28:02Z</time></trkpt><trkpt lat="37.002735000000015" lon="-3.987841000000001"><ele>890.355</ele><time>2023-04-08T11:28:06Z</time></trkpt><trkpt lat="37.002744000000014" lon="-3.987784000000001"><ele>890.124</ele><time>2023-04-08T11:28:11Z</time></trkpt><trkpt lat="37.00273900000001" lon="-3.987718000000001"><ele>890.082</ele><time>2023-04-08T11:28:17Z</time></trkpt><trkpt lat="37.00273100000001" lon="-3.987653000000001"><ele>890.053</ele><time>2023-04-08T11:28:24Z</time></trkpt><trkpt lat="37.00274200000001" lon="-3.987596000000001"><ele>889.634</ele><time>2023-04-08T11:28:37Z</time></trkpt><trkpt lat="37.002735000000015" lon="-3.9875350000000007"><ele>889.455</ele><time>2023-04-08T11:29:07Z</time></trkpt><trkpt lat="37.00278200000002" lon="-3.9875250000000007"><ele>889.310</ele><time>2023-04-08T11:29:19Z</time></trkpt><trkpt lat="37.002789000000014" lon="-3.9874670000000005"><ele>889.309</ele><time>2023-04-08T11:30:50Z</time></trkpt><trkpt lat="37.00282600000001" lon="-3.9874130000000005"><ele>889.244</ele><time>2023-04-08T11:30:55Z</time></trkpt><trkpt lat="37.002842000000015" lon="-3.9873590000000005"><ele>889.526</ele><time>2023-04-08T11:31:00Z</time></trkpt><trkpt lat="37.00286400000002" lon="-3.9873060000000007"><ele>889.523</ele><time>2023-04-08T11:31:10Z</time></trkpt><trkpt lat="37.00285200000002" lon="-3.9872490000000007"><ele>889.251</ele><time>2023-04-08T11:31:14Z</time></trkpt><trkpt lat="37.00285400000002" lon="-3.9871820000000007"><ele>888.869</ele><time>2023-04-08T11:32:06Z</time></trkpt><trkpt lat="37.00287500000002" lon="-3.987120000000001"><ele>888.854</ele><time>2023-04-08T11:32:11Z</time></trkpt><trkpt lat="37.00290500000002" lon="-3.987067000000001"><ele>888.853</ele><time>2023-04-08T11:32:16Z</time></trkpt><trkpt lat="37.00292000000002" lon="-3.987008000000001"><ele>888.921</ele><time>2023-04-08T11:32:21Z</time></trkpt><trkpt lat="37.002935000000015" lon="-3.9869450000000013"><ele>888.522</ele><time>2023-04-08T11:32:27Z</time></trkpt><trkpt lat="37.00294200000001" lon="-3.986887000000001"><ele>888.193</ele><time>2023-04-08T11:32:35Z</time></trkpt><trkpt lat="37.00298200000001" lon="-3.9868560000000013"><ele>888.165</ele><time>2023-04-08T11:32:41Z</time></trkpt><trkpt lat="37.00299100000001" lon="-3.9867960000000013"><ele>887.921</ele><time>2023-04-08T11:33:00Z</time></trkpt><trkpt lat="37.00300800000001" lon="-3.986728000000001"><ele>887.909</ele><time>2023-04-08T11:33:05Z</time></trkpt><trkpt lat="37.00303000000001" lon="-3.986679000000001"><ele>887.910</ele><time>2023-04-08T11:33:09Z</time></trkpt><trkpt lat="37.00305000000001" lon="-3.986622000000001"><ele>887.912</ele><time>2023-04-08T11:33:14Z</time></trkpt><trkpt lat="37.003082000000006" lon="-3.986562000000001"><ele>887.949</ele><time>2023-04-08T11:33:18Z</time></trkpt><trkpt lat="37.003102000000005" lon="-3.986497000000001"><ele>887.867</ele><time>2023-04-08T11:33:22Z</time></trkpt><trkpt lat="37.00312600000001" lon="-3.9864390000000007"><ele>887.765</ele><time>2023-04-08T11:33:37Z</time></trkpt><trkpt lat="37.00317600000001" lon="-3.986434000000001"><ele>887.840</ele><time>2023-04-08T11:33:42Z</time></trkpt><trkpt lat="37.00322100000001" lon="-3.986403000000001"><ele>887.899</ele><time>2023-04-08T11:33:45Z</time></trkpt><trkpt lat="37.003259000000014" lon="-3.986373000000001"><ele>888.197</ele><time>2023-04-08T11:33:48Z</time></trkpt><trkpt lat="37.00330800000001" lon="-3.9863530000000007"><ele>888.468</ele><time>2023-04-08T11:33:51Z</time></trkpt><trkpt lat="37.00335400000001" lon="-3.986345000000001"><ele>889.381</ele><time>2023-04-08T11:33:55Z</time></trkpt><trkpt lat="37.00331500000001" lon="-3.986314000000001"><ele>890.861</ele><time>2023-04-08T11:34:05Z</time></trkpt><trkpt lat="37.003350000000005" lon="-3.986276000000001"><ele>891.017</ele><time>2023-04-08T11:34:12Z</time></trkpt><trkpt lat="37.00340800000001" lon="-3.986299000000001"><ele>891.209</ele><time>2023-04-08T11:34:16Z</time></trkpt><trkpt lat="37.003454000000005" lon="-3.986312000000001"><ele>891.489</ele><time>2023-04-08T11:34:20Z</time></trkpt><trkpt lat="37.003489" lon="-3.986276000000001"><ele>891.511</ele><time>2023-04-08T11:34:23Z</time></trkpt><trkpt lat="37.003533000000004" lon="-3.986235000000001"><ele>891.768</ele><time>2023-04-08T11:34:26Z</time></trkpt><trkpt lat="37.003587" lon="-3.986222000000001"><ele>892.046</ele><time>2023-04-08T11:34:29Z</time></trkpt><trkpt lat="37.003634000000005" lon="-3.986212000000001"><ele>892.664</ele><time>2023-04-08T11:34:31Z</time></trkpt><trkpt lat="37.00363000000001" lon="-3.986152000000001"><ele>892.619</ele><time>2023-04-08T11:34:36Z</time></trkpt><trkpt lat="37.00368500000001" lon="-3.986174000000001"><ele>893.548</ele><time>2023-04-08T11:35:01Z</time></trkpt><trkpt lat="37.00373500000001" lon="-3.986171000000001"><ele>893.686</ele><time>2023-04-08T11:35:10Z</time></trkpt><trkpt lat="37.00378700000001" lon="-3.986136000000001"><ele>893.697</ele><time>2023-04-08T11:35:14Z</time></trkpt><trkpt lat="37.00375400000001" lon="-3.986095000000001"><ele>893.689</ele><time>2023-04-08T11:35:19Z</time></trkpt><trkpt lat="37.00375700000001" lon="-3.986031000000001"><ele>893.906</ele><time>2023-04-08T11:35:34Z</time></trkpt><trkpt lat="37.00381500000001" lon="-3.986020000000001"><ele>894.026</ele><time>2023-04-08T11:35:40Z</time></trkpt><trkpt lat="37.00386100000001" lon="-3.986031000000001"><ele>894.109</ele><time>2023-04-08T11:35:53Z</time></trkpt><trkpt lat="37.00390900000001" lon="-3.986045000000001"><ele>894.289</ele><time>2023-04-08T11:36:03Z</time></trkpt><trkpt lat="37.003932000000006" lon="-3.985994000000001"><ele>893.861</ele><time>2023-04-08T11:36:30Z</time></trkpt><trkpt lat="37.00397100000001" lon="-3.985958000000001"><ele>893.548</ele><time>2023-04-08T11:36:43Z</time></trkpt><trkpt lat="37.003932000000006" lon="-3.985916000000001"><ele>893.466</ele><time>2023-04-08T11:36:49Z</time></trkpt><trkpt lat="37.003888" lon="-3.985895000000001"><ele>893.474</ele><time>2023-04-08T11:36:53Z</time></trkpt><trkpt lat="37.003841" lon="-3.985862000000001"><ele>893.319</ele><time>2023-04-08T11:36:58Z</time></trkpt><trkpt lat="37.003811" lon="-3.985819000000001"><ele>893.118</ele><time>2023-04-08T11:37:09Z</time></trkpt><trkpt lat="37.003755" lon="-3.9858200000000013"><ele>893.266</ele><time>2023-04-08T11:37:32Z</time></trkpt><trkpt lat="37.003712" lon="-3.985788000000001"><ele>893.117</ele><time>2023-04-08T11:37:36Z</time></trkpt><trkpt lat="37.0037" lon="-3.9857310000000012"><ele>892.885</ele><time>2023-04-08T11:37:40Z</time></trkpt><trkpt lat="37.003715" lon="-3.9856740000000013"><ele>892.389</ele><time>2023-04-08T11:37:46Z</time></trkpt><trkpt lat="37.003661" lon="-3.9856550000000013"><ele>891.617</ele><time>2023-04-08T11:37:50Z</time></trkpt><trkpt lat="37.003626000000004" lon="-3.985616000000001"><ele>889.509</ele><time>2023-04-08T11:37:54Z</time></trkpt><trkpt lat="37.00359" lon="-3.985565000000001"><ele>887.729</ele><time>2023-04-08T11:37:59Z</time></trkpt><trkpt lat="37.003606000000005" lon="-3.9855090000000013"><ele>887.021</ele><time>2023-04-08T11:38:03Z</time></trkpt><trkpt lat="37.00356000000001" lon="-3.9854970000000014"><ele>884.578</ele><time>2023-04-08T11:38:09Z</time></trkpt><trkpt lat="37.00350400000001" lon="-3.9854960000000013"><ele>883.986</ele><time>2023-04-08T11:38:15Z</time></trkpt><trkpt lat="37.00349700000001" lon="-3.985432000000001"><ele>882.914</ele><time>2023-04-08T11:38:29Z</time></trkpt><trkpt lat="37.00352500000001" lon="-3.985380000000001"><ele>882.969</ele><time>2023-04-08T11:38:33Z</time></trkpt><trkpt lat="37.00355900000001" lon="-3.985340000000001"><ele>882.928</ele><time>2023-04-08T11:38:37Z</time></trkpt><trkpt lat="37.00359800000001" lon="-3.985295000000001"><ele>882.956</ele><time>2023-04-08T11:38:42Z</time></trkpt><trkpt lat="37.00359900000001" lon="-3.985232000000001"><ele>882.937</ele><time>2023-04-08T11:38:47Z</time></trkpt><trkpt lat="37.00357800000001" lon="-3.985171000000001"><ele>883.076</ele><time>2023-04-08T11:38:53Z</time></trkpt><trkpt lat="37.00356800000001" lon="-3.9851150000000013"><ele>883.290</ele><time>2023-04-08T11:38:59Z</time></trkpt><trkpt lat="37.00358700000001" lon="-3.9850580000000013"><ele>883.519</ele><time>2023-04-08T11:39:04Z</time></trkpt><trkpt lat="37.00360300000001" lon="-3.985003000000001"><ele>883.709</ele><time>2023-04-08T11:39:12Z</time></trkpt><trkpt lat="37.00361200000001" lon="-3.984930000000001"><ele>883.738</ele><time>2023-04-08T11:39:16Z</time></trkpt><trkpt lat="37.00361900000001" lon="-3.9848450000000013"><ele>883.710</ele><time>2023-04-08T11:39:22Z</time></trkpt><trkpt lat="37.00356700000001" lon="-3.984850000000001"><ele>883.197</ele><time>2023-04-08T11:39:35Z</time></trkpt><trkpt lat="37.00351900000001" lon="-3.984834000000001"><ele>882.845</ele><time>2023-04-08T11:39:47Z</time></trkpt><trkpt lat="37.00346800000001" lon="-3.984820000000001"><ele>882.133</ele><time>2023-04-08T11:39:52Z</time></trkpt><trkpt lat="37.00343200000001" lon="-3.984779000000001"><ele>881.118</ele><time>2023-04-08T11:39:56Z</time></trkpt><trkpt lat="37.00342600000001" lon="-3.984722000000001"><ele>877.727</ele><time>2023-04-08T11:40:32Z</time></trkpt><trkpt lat="37.00341800000001" lon="-3.984661000000001"><ele>877.525</ele><time>2023-04-08T11:40:44Z</time></trkpt><trkpt lat="37.00339800000001" lon="-3.984602000000001"><ele>877.036</ele><time>2023-04-08T11:40:49Z</time></trkpt><trkpt lat="37.00339000000001" lon="-3.984545000000001"><ele>876.631</ele><time>2023-04-08T11:40:58Z</time></trkpt><trkpt lat="37.00337600000001" lon="-3.9844890000000013"><ele>875.861</ele><time>2023-04-08T11:41:08Z</time></trkpt><trkpt lat="37.00336600000001" lon="-3.9844320000000013"><ele>875.507</ele><time>2023-04-08T11:41:12Z</time></trkpt><trkpt lat="37.003342" lon="-3.9843680000000012"><ele>875.309</ele><time>2023-04-08T11:41:16Z</time></trkpt><trkpt lat="37.003327000000006" lon="-3.984313000000001"><ele>874.924</ele><time>2023-04-08T11:41:19Z</time></trkpt><trkpt lat="37.00333200000001" lon="-3.984248000000001"><ele>874.286</ele><time>2023-04-08T11:41:23Z</time></trkpt><trkpt lat="37.00332300000001" lon="-3.984185000000001"><ele>873.753</ele><time>2023-04-08T11:41:27Z</time></trkpt><trkpt lat="37.00330300000001" lon="-3.984125000000001"><ele>873.371</ele><time>2023-04-08T11:41:31Z</time></trkpt><trkpt lat="37.00326100000001" lon="-3.984084000000001"><ele>872.589</ele><time>2023-04-08T11:41:35Z</time></trkpt><trkpt lat="37.00324000000001" lon="-3.984003000000001"><ele>872.134</ele><time>2023-04-08T11:41:39Z</time></trkpt><trkpt lat="37.00320700000001" lon="-3.9839610000000008"><ele>871.593</ele><time>2023-04-08T11:41:52Z</time></trkpt><trkpt lat="37.00316800000001" lon="-3.9839320000000007"><ele>871.331</ele><time>2023-04-08T11:41:56Z</time></trkpt><trkpt lat="37.00313100000001" lon="-3.9839000000000007"><ele>871.272</ele><time>2023-04-08T11:42:00Z</time></trkpt><trkpt lat="37.00310500000001" lon="-3.9838420000000005"><ele>870.852</ele><time>2023-04-08T11:42:05Z</time></trkpt><trkpt lat="37.00306700000001" lon="-3.9838000000000005"><ele>869.953</ele><time>2023-04-08T11:42:09Z</time></trkpt><trkpt lat="37.00305300000001" lon="-3.9837340000000006"><ele>867.808</ele><time>2023-04-08T11:42:16Z</time></trkpt><trkpt lat="37.00305300000001" lon="-3.9836710000000006"><ele>867.409</ele><time>2023-04-08T11:42:21Z</time></trkpt><trkpt lat="37.003060000000005" lon="-3.9836100000000005"><ele>866.246</ele><time>2023-04-08T11:42:26Z</time></trkpt><trkpt lat="37.00307600000001" lon="-3.9835550000000004"><ele>865.488</ele><time>2023-04-08T11:42:32Z</time></trkpt><trkpt lat="37.00309500000001" lon="-3.9834990000000006"><ele>864.585</ele><time>2023-04-08T11:42:36Z</time></trkpt><trkpt lat="37.003099000000006" lon="-3.9834400000000008"><ele>862.583</ele><time>2023-04-08T11:42:48Z</time></trkpt><trkpt lat="37.00304800000001" lon="-3.983453000000001"><ele>861.371</ele><time>2023-04-08T11:42:57Z</time></trkpt><trkpt lat="37.003012000000005" lon="-3.983502000000001"><ele>860.156</ele><time>2023-04-08T11:43:05Z</time></trkpt><trkpt lat="37.002985" lon="-3.983553000000001"><ele>859.055</ele><time>2023-04-08T11:43:32Z</time></trkpt><trkpt lat="37.002976000000004" lon="-3.983617000000001"><ele>859.053</ele><time>2023-04-08T11:43:38Z</time></trkpt><trkpt lat="37.002992000000006" lon="-3.983680000000001"><ele>859.034</ele><time>2023-04-08T11:43:44Z</time></trkpt><trkpt lat="37.002978000000006" lon="-3.983756000000001"><ele>860.185</ele><time>2023-04-08T11:43:58Z</time></trkpt><trkpt lat="37.00301" lon="-3.983713000000001"><ele>860.789</ele><time>2023-04-08T11:44:03Z</time></trkpt><trkpt lat="37.002987000000005" lon="-3.9836600000000013"><ele>860.817</ele><time>2023-04-08T11:44:30Z</time></trkpt><trkpt lat="37.00298900000001" lon="-3.9835980000000015"><ele>860.409</ele><time>2023-04-08T11:44:40Z</time></trkpt><trkpt lat="37.003032000000005" lon="-3.9835760000000016"><ele>859.679</ele><time>2023-04-08T11:45:09Z</time></trkpt><trkpt lat="37.00302000000001" lon="-3.9835170000000018"><ele>859.291</ele><time>2023-04-08T11:45:36Z</time></trkpt><trkpt lat="37.003035000000004" lon="-3.9834600000000018"><ele>859.048</ele><time>2023-04-08T11:45:59Z</time></trkpt><trkpt lat="37.003081" lon="-3.9834470000000017"><ele>858.836</ele><time>2023-04-08T11:46:14Z</time></trkpt><trkpt lat="37.003131" lon="-3.9834280000000017"><ele>859.244</ele><time>2023-04-08T11:46:21Z</time></trkpt><trkpt lat="37.003170000000004" lon="-3.9833980000000015"><ele>859.519</ele><time>2023-04-08T11:46:34Z</time></trkpt><trkpt lat="37.003215000000004" lon="-3.9833620000000014"><ele>859.628</ele><time>2023-04-08T11:46:41Z</time></trkpt><trkpt lat="37.003267" lon="-3.983332000000001"><ele>859.726</ele><time>2023-04-08T11:46:50Z</time></trkpt><trkpt lat="37.003282" lon="-3.983277000000001"><ele>857.367</ele><time>2023-04-08T11:47:46Z</time></trkpt><trkpt lat="37.003296999999996" lon="-3.983210000000001"><ele>856.246</ele><time>2023-04-08T11:48:18Z</time></trkpt><trkpt lat="37.00327299999999" lon="-3.983160000000001"><ele>856.088</ele><time>2023-04-08T11:48:24Z</time></trkpt><trkpt lat="37.003280999999994" lon="-3.983103000000001"><ele>853.316</ele><time>2023-04-08T11:48:41Z</time></trkpt><trkpt lat="37.003308" lon="-3.983032000000001"><ele>851.709</ele><time>2023-04-08T11:48:45Z</time></trkpt><trkpt lat="37.003296" lon="-3.982973000000001"><ele>851.265</ele><time>2023-04-08T11:48:47Z</time></trkpt><trkpt lat="37.003257999999995" lon="-3.983010000000001"><ele>851.127</ele><time>2023-04-08T11:48:50Z</time></trkpt><trkpt lat="37.00323099999999" lon="-3.983063000000001"><ele>850.954</ele><time>2023-04-08T11:48:53Z</time></trkpt><trkpt lat="37.00320699999999" lon="-3.983129000000001"><ele>847.822</ele><time>2023-04-08T11:48:57Z</time></trkpt><trkpt lat="37.00316999999999" lon="-3.9831630000000007"><ele>846.480</ele><time>2023-04-08T11:49:00Z</time></trkpt><trkpt lat="37.00312399999999" lon="-3.9831980000000007"><ele>845.465</ele><time>2023-04-08T11:49:06Z</time></trkpt><trkpt lat="37.00307399999999" lon="-3.9832030000000005"><ele>840.584</ele><time>2023-04-08T11:49:19Z</time></trkpt><trkpt lat="37.00309399999999" lon="-3.9831450000000004"><ele>839.332</ele><time>2023-04-08T11:49:23Z</time></trkpt><trkpt lat="37.00313499999999" lon="-3.9831050000000006"><ele>838.853</ele><time>2023-04-08T11:49:28Z</time></trkpt><trkpt lat="37.003181999999995" lon="-3.9830660000000004"><ele>836.888</ele><time>2023-04-08T11:49:35Z</time></trkpt><trkpt lat="37.003212999999995" lon="-3.9830140000000003"><ele>834.624</ele><time>2023-04-08T11:50:06Z</time></trkpt><trkpt lat="37.003215999999995" lon="-3.98295"><ele>834.326</ele><time>2023-04-08T11:50:14Z</time></trkpt><trkpt lat="37.00324499999999" lon="-3.9828940000000004"><ele>833.509</ele><time>2023-04-08T11:50:18Z</time></trkpt><trkpt lat="37.003268999999996" lon="-3.9828380000000005"><ele>833.099</ele><time>2023-04-08T11:50:23Z</time></trkpt><trkpt lat="37.003296999999996" lon="-3.9827780000000006"><ele>831.561</ele><time>2023-04-08T11:50:27Z</time></trkpt><trkpt lat="37.003322" lon="-3.9827220000000008"><ele>831.068</ele><time>2023-04-08T11:50:31Z</time></trkpt><trkpt lat="37.003336" lon="-3.982660000000001"><ele>831.096</ele><time>2023-04-08T11:50:36Z</time></trkpt><trkpt lat="37.003327" lon="-3.982715000000001"><ele>831.044</ele><time>2023-04-08T11:50:46Z</time></trkpt><trkpt lat="37.003285999999996" lon="-3.9827640000000013"><ele>831.069</ele><time>2023-04-08T11:50:52Z</time></trkpt><trkpt lat="37.003254" lon="-3.9828050000000013"><ele>830.968</ele><time>2023-04-08T11:50:57Z</time></trkpt><trkpt lat="37.003209999999996" lon="-3.9828370000000013"><ele>830.456</ele><time>2023-04-08T11:51:04Z</time></trkpt><trkpt lat="37.003164" lon="-3.982845000000001"><ele>828.277</ele><time>2023-04-08T11:51:23Z</time></trkpt><trkpt lat="37.003181" lon="-3.982914000000001"><ele>827.833</ele><time>2023-04-08T11:51:30Z</time></trkpt><trkpt lat="37.003175999999996" lon="-3.982970000000001"><ele>827.123</ele><time>2023-04-08T11:51:43Z</time></trkpt><trkpt lat="37.003173" lon="-3.982904000000001"><ele>826.815</ele><time>2023-04-08T11:51:48Z</time></trkpt><trkpt lat="37.003206" lon="-3.982856000000001"><ele>826.809</ele><time>2023-04-08T11:51:58Z</time></trkpt><trkpt lat="37.0032" lon="-3.982797000000001"><ele>826.834</ele><time>2023-04-08T11:52:41Z</time></trkpt><trkpt lat="37.003154" lon="-3.982803000000001"><ele>827.016</ele><time>2023-04-08T11:53:05Z</time></trkpt><trkpt lat="37.003122000000005" lon="-3.982754000000001"><ele>827.313</ele><time>2023-04-08T11:53:36Z</time></trkpt><trkpt lat="37.003147000000006" lon="-3.9828040000000007"><ele>827.441</ele><time>2023-04-08T11:53:42Z</time></trkpt><trkpt lat="37.003108000000005" lon="-3.9827760000000008"><ele>827.649</ele><time>2023-04-08T11:54:11Z</time></trkpt><trkpt lat="37.003052000000004" lon="-3.9827630000000007"><ele>827.614</ele><time>2023-04-08T11:54:17Z</time></trkpt><trkpt lat="37.003054000000006" lon="-3.9826980000000005"><ele>827.973</ele><time>2023-04-08T11:54:21Z</time></trkpt><trkpt lat="37.00302200000001" lon="-3.9826520000000003"><ele>828.411</ele><time>2023-04-08T11:54:27Z</time></trkpt><trkpt lat="37.00297600000001" lon="-3.9826660000000005"><ele>829.582</ele><time>2023-04-08T11:54:31Z</time></trkpt><trkpt lat="37.002927000000014" lon="-3.9826680000000003"><ele>831.266</ele><time>2023-04-08T11:54:38Z</time></trkpt><trkpt lat="37.002887000000015" lon="-3.9826950000000005"><ele>833.029</ele><time>2023-04-08T11:54:47Z</time></trkpt><trkpt lat="37.00284300000001" lon="-3.9826760000000005"><ele>833.821</ele><time>2023-04-08T11:54:54Z</time></trkpt><trkpt lat="37.002825000000016" lon="-3.9826230000000007"><ele>834.109</ele><time>2023-04-08T11:54:59Z</time></trkpt><trkpt lat="37.00280400000002" lon="-3.9825710000000005"><ele>834.577</ele><time>2023-04-08T11:55:06Z</time></trkpt><trkpt lat="37.00281400000002" lon="-3.9826270000000004"><ele>836.689</ele><time>2023-04-08T11:55:19Z</time></trkpt><trkpt lat="37.00279000000002" lon="-3.982575"><ele>837.386</ele><time>2023-04-08T11:56:52Z</time></trkpt><trkpt lat="37.00280000000002" lon="-3.982507"><ele>838.124</ele><time>2023-04-08T11:57:05Z</time></trkpt><trkpt lat="37.00279800000002" lon="-3.982443"><ele>839.412</ele><time>2023-04-08T11:57:13Z</time></trkpt><trkpt lat="37.00275200000002" lon="-3.982474"><ele>841.257</ele><time>2023-04-08T11:57:25Z</time></trkpt><trkpt lat="37.00270700000002" lon="-3.982465"><ele>842.396</ele><time>2023-04-08T11:57:31Z</time></trkpt><trkpt lat="37.00265900000002" lon="-3.982457"><ele>848.464</ele><time>2023-04-08T11:57:51Z</time></trkpt><trkpt lat="37.00263100000002" lon="-3.982394"><ele>852.545</ele><time>2023-04-08T11:58:07Z</time></trkpt><trkpt lat="37.00258900000002" lon="-3.9823570000000004"><ele>853.489</ele><time>2023-04-08T11:58:11Z</time></trkpt><trkpt lat="37.002523000000025" lon="-3.9823330000000006"><ele>853.906</ele><time>2023-04-08T11:58:13Z</time></trkpt><trkpt lat="37.002469000000026" lon="-3.9822670000000007"><ele>854.526</ele><time>2023-04-08T11:58:15Z</time></trkpt><trkpt lat="37.00240700000003" lon="-3.9822070000000007"><ele>855.009</ele><time>2023-04-08T11:58:17Z</time></trkpt><trkpt lat="37.00239200000003" lon="-3.9820920000000006"><ele>855.169</ele><time>2023-04-08T11:58:18Z</time></trkpt><trkpt lat="37.00234700000003" lon="-3.9819020000000007"><ele>855.241</ele><time>2023-04-08T11:58:20Z</time></trkpt><trkpt lat="37.00234900000003" lon="-3.981798000000001"><ele>854.928</ele><time>2023-04-08T11:58:21Z</time></trkpt><trkpt lat="37.00229600000003" lon="-3.9815750000000008"><ele>854.986</ele><time>2023-04-08T11:58:23Z</time></trkpt><trkpt lat="37.00225200000003" lon="-3.9814760000000007"><ele>854.984</ele><time>2023-04-08T11:58:24Z</time></trkpt><trkpt lat="37.002129000000025" lon="-3.9813270000000007"><ele>855.419</ele><time>2023-04-08T11:58:26Z</time></trkpt><trkpt lat="37.002225000000024" lon="-3.9811700000000005"><ele>855.238</ele><time>2023-04-08T11:58:28Z</time></trkpt><trkpt lat="37.00230800000002" lon="-3.9810710000000005"><ele>855.216</ele><time>2023-04-08T11:58:29Z</time></trkpt><trkpt lat="37.00248300000002" lon="-3.9808890000000003"><ele>855.597</ele><time>2023-04-08T11:58:31Z</time></trkpt><trkpt lat="37.00250300000002" lon="-3.9807980000000005"><ele>855.545</ele><time>2023-04-08T11:58:32Z</time></trkpt><trkpt lat="37.00246400000002" lon="-3.9806500000000007"><ele>855.447</ele><time>2023-04-08T11:58:34Z</time></trkpt><trkpt lat="37.00217700000002" lon="-3.9804340000000007"><ele>855.211</ele><time>2023-04-08T11:58:38Z</time></trkpt><trkpt lat="37.00219100000002" lon="-3.980530000000001"><ele>855.009</ele><time>2023-04-08T11:58:40Z</time></trkpt><trkpt lat="37.002164000000015" lon="-3.980473000000001"><ele>855.215</ele><time>2023-04-08T11:58:43Z</time></trkpt><trkpt lat="37.002085000000015" lon="-3.9804750000000007"><ele>855.347</ele><time>2023-04-08T11:58:44Z</time></trkpt><trkpt lat="37.002001000000014" lon="-3.980505000000001"><ele>855.324</ele><time>2023-04-08T11:58:45Z</time></trkpt><trkpt lat="37.00191500000001" lon="-3.980499000000001"><ele>855.332</ele><time>2023-04-08T11:58:46Z</time></trkpt><trkpt lat="37.00203800000001" lon="-3.980473000000001"><ele>855.210</ele><time>2023-04-08T11:58:48Z</time></trkpt><trkpt lat="37.00208700000001" lon="-3.9803800000000007"><ele>855.245</ele><time>2023-04-08T11:58:50Z</time></trkpt><trkpt lat="37.00215800000001" lon="-3.9802910000000007"><ele>855.284</ele><time>2023-04-08T11:58:51Z</time></trkpt><trkpt lat="37.00217400000001" lon="-3.9801500000000005"><ele>855.282</ele><time>2023-04-08T11:58:53Z</time></trkpt><trkpt lat="37.00214200000001" lon="-3.9800740000000006"><ele>855.053</ele><time>2023-04-08T11:58:55Z</time></trkpt><trkpt lat="37.00210400000001" lon="-3.9800210000000007"><ele>855.024</ele><time>2023-04-08T11:58:57Z</time></trkpt><trkpt lat="37.00212500000001" lon="-3.9799600000000006"><ele>855.004</ele><time>2023-04-08T11:59:01Z</time></trkpt><trkpt lat="37.00207700000001" lon="-3.9799840000000004"><ele>855.014</ele><time>2023-04-08T11:59:05Z</time></trkpt><trkpt lat="37.002064000000004" lon="-3.9800800000000005"><ele>855.109</ele><time>2023-04-08T11:59:08Z</time></trkpt><trkpt lat="37.002024000000006" lon="-3.9804600000000003"><ele>855.153</ele><time>2023-04-08T11:59:30Z</time></trkpt><trkpt lat="37.00203400000001" lon="-3.980637"><ele>854.585</ele><time>2023-04-08T11:59:31Z</time></trkpt><trkpt lat="37.00198700000001" lon="-3.980687"><ele>854.712</ele><time>2023-04-08T11:59:32Z</time></trkpt><trkpt lat="37.001926000000005" lon="-3.980792"><ele>854.830</ele><time>2023-04-08T11:59:33Z</time></trkpt><trkpt lat="37.001878000000005" lon="-3.9808630000000003"><ele>854.868</ele><time>2023-04-08T11:59:34Z</time></trkpt><trkpt lat="37.00181500000001" lon="-3.980999"><ele>854.733</ele><time>2023-04-08T11:59:36Z</time></trkpt><trkpt lat="37.00188000000001" lon="-3.981113"><ele>854.682</ele><time>2023-04-08T11:59:39Z</time></trkpt><trkpt lat="37.00202500000001" lon="-3.981195"><ele>855.050</ele><time>2023-04-08T11:59:40Z</time></trkpt><trkpt lat="37.00220300000001" lon="-3.981522"><ele>854.711</ele><time>2023-04-08T11:59:42Z</time></trkpt><trkpt lat="37.00225900000001" lon="-3.981648"><ele>854.287</ele><time>2023-04-08T11:59:44Z</time></trkpt><trkpt lat="37.00246100000001" lon="-3.9820029999999997"><ele>853.842</ele><time>2023-04-08T11:59:46Z</time></trkpt><trkpt lat="37.00249600000001" lon="-3.982042"><ele>854.326</ele><time>2023-04-08T11:59:48Z</time></trkpt><trkpt lat="37.00255500000001" lon="-3.9821489999999997"><ele>854.509</ele><time>2023-04-08T11:59:50Z</time></trkpt><trkpt lat="37.00260200000001" lon="-3.982163"><ele>854.429</ele><time>2023-04-08T11:59:52Z</time></trkpt><trkpt lat="37.00264800000001" lon="-3.9822599999999997"><ele>853.961</ele><time>2023-04-08T11:59:54Z</time></trkpt><trkpt lat="37.00267600000001" lon="-3.9823159999999995"><ele>853.728</ele><time>2023-04-08T11:59:56Z</time></trkpt><trkpt lat="37.00270400000001" lon="-3.9823749999999993"><ele>853.486</ele><time>2023-04-08T11:59:59Z</time></trkpt><trkpt lat="37.00274000000001" lon="-3.9824129999999993"><ele>853.264</ele><time>2023-04-08T12:00:02Z</time></trkpt><trkpt lat="37.00270600000001" lon="-3.9823519999999992"><ele>852.519</ele><time>2023-04-08T12:00:06Z</time></trkpt><trkpt lat="37.00270900000001" lon="-3.982426999999999"><ele>852.458</ele><time>2023-04-08T12:00:13Z</time></trkpt><trkpt lat="37.00271500000001" lon="-3.9824919999999993"><ele>852.046</ele><time>2023-04-08T12:00:29Z</time></trkpt><trkpt lat="37.00275300000001" lon="-3.982570999999999"><ele>852.097</ele><time>2023-04-08T12:00:31Z</time></trkpt><trkpt lat="37.002724000000015" lon="-3.9825209999999993"><ele>852.063</ele><time>2023-04-08T12:00:45Z</time></trkpt><trkpt lat="37.00269700000001" lon="-3.9825779999999993"><ele>851.044</ele><time>2023-04-08T12:00:59Z</time></trkpt><trkpt lat="37.00270300000001" lon="-3.9826349999999993"><ele>850.718</ele><time>2023-04-08T12:01:02Z</time></trkpt><trkpt lat="37.00275000000001" lon="-3.982617999999999"><ele>849.809</ele><time>2023-04-08T12:01:17Z</time></trkpt><trkpt lat="37.00280200000001" lon="-3.982591999999999"><ele>849.047</ele><time>2023-04-08T12:01:24Z</time></trkpt><trkpt lat="37.00283600000001" lon="-3.982538999999999"><ele>847.679</ele><time>2023-04-08T12:01:31Z</time></trkpt><trkpt lat="37.00288100000001" lon="-3.9825269999999993"><ele>845.126</ele><time>2023-04-08T12:01:43Z</time></trkpt><trkpt lat="37.00285900000001" lon="-3.982579999999999"><ele>843.034</ele><time>2023-04-08T12:02:00Z</time></trkpt><trkpt lat="37.002829000000006" lon="-3.9825269999999993"><ele>842.992</ele><time>2023-04-08T12:02:20Z</time></trkpt><trkpt lat="37.002877000000005" lon="-3.9825309999999994"><ele>842.917</ele><time>2023-04-08T12:02:44Z</time></trkpt><trkpt lat="37.002894000000005" lon="-3.982465999999999"><ele>842.986</ele><time>2023-04-08T12:02:50Z</time></trkpt><trkpt lat="37.00293500000001" lon="-3.982432999999999"><ele>842.894</ele><time>2023-04-08T12:02:56Z</time></trkpt><trkpt lat="37.00294500000001" lon="-3.982495999999999"><ele>839.485</ele><time>2023-04-08T12:03:12Z</time></trkpt><trkpt lat="37.00290000000001" lon="-3.982475999999999"><ele>838.759</ele><time>2023-04-08T12:03:26Z</time></trkpt><trkpt lat="37.00289900000001" lon="-3.982536999999999"><ele>838.703</ele><time>2023-04-08T12:03:34Z</time></trkpt><trkpt lat="37.00285700000001" lon="-3.982582999999999"><ele>838.523</ele><time>2023-04-08T12:03:40Z</time></trkpt><trkpt lat="37.00285000000002" lon="-3.9826539999999993"><ele>838.309</ele><time>2023-04-08T12:03:46Z</time></trkpt><trkpt lat="37.00283800000002" lon="-3.9827179999999993"><ele>837.646</ele><time>2023-04-08T12:03:50Z</time></trkpt><trkpt lat="37.00282900000002" lon="-3.982773999999999"><ele>837.398</ele><time>2023-04-08T12:03:54Z</time></trkpt><trkpt lat="37.00279000000002" lon="-3.9828039999999993"><ele>836.535</ele><time>2023-04-08T12:03:58Z</time></trkpt><trkpt lat="37.00274100000002" lon="-3.9827979999999994"><ele>835.493</ele><time>2023-04-08T12:04:03Z</time></trkpt><trkpt lat="37.00269600000002" lon="-3.9827799999999995"><ele>834.881</ele><time>2023-04-08T12:04:06Z</time></trkpt><trkpt lat="37.00263500000002" lon="-3.9827929999999996"><ele>833.286</ele><time>2023-04-08T12:04:17Z</time></trkpt><trkpt lat="37.00259600000002" lon="-3.9828449999999997"><ele>832.895</ele><time>2023-04-08T12:04:20Z</time></trkpt><trkpt lat="37.00256500000002" lon="-3.9828989999999997"><ele>832.683</ele><time>2023-04-08T12:04:24Z</time></trkpt><trkpt lat="37.002527000000015" lon="-3.9829399999999997"><ele>832.414</ele><time>2023-04-08T12:04:26Z</time></trkpt><trkpt lat="37.00252000000002" lon="-3.983017"><ele>831.736</ele><time>2023-04-08T12:04:28Z</time></trkpt><trkpt lat="37.00245800000002" lon="-3.9830069999999997"><ele>831.717</ele><time>2023-04-08T12:04:46Z</time></trkpt><trkpt lat="37.002403000000015" lon="-3.9829909999999997"><ele>831.718</ele><time>2023-04-08T12:04:48Z</time></trkpt><trkpt lat="37.00235600000001" lon="-3.982995"><ele>831.709</ele><time>2023-04-08T12:04:52Z</time></trkpt><trkpt lat="37.002366000000016" lon="-3.983066"><ele>831.944</ele><time>2023-04-08T12:04:59Z</time></trkpt><trkpt lat="37.002358000000015" lon="-3.983139"><ele>832.926</ele><time>2023-04-08T12:05:04Z</time></trkpt><trkpt lat="37.00235700000002" lon="-3.983196"><ele>833.383</ele><time>2023-04-08T12:05:08Z</time></trkpt><trkpt lat="37.00238000000002" lon="-3.983248"><ele>833.571</ele><time>2023-04-08T12:05:12Z</time></trkpt><trkpt lat="37.002392000000015" lon="-3.983302"><ele>834.239</ele><time>2023-04-08T12:05:15Z</time></trkpt><trkpt lat="37.002411000000016" lon="-3.983362"><ele>835.344</ele><time>2023-04-08T12:05:19Z</time></trkpt><trkpt lat="37.00239600000002" lon="-3.983418"><ele>835.913</ele><time>2023-04-08T12:05:23Z</time></trkpt><trkpt lat="37.00237400000002" lon="-3.983468"><ele>836.071</ele><time>2023-04-08T12:05:27Z</time></trkpt><trkpt lat="37.00238000000002" lon="-3.9835399999999996"><ele>836.072</ele><time>2023-04-08T12:05:32Z</time></trkpt><trkpt lat="37.00241800000002" lon="-3.9835819999999997"><ele>835.985</ele><time>2023-04-08T12:05:37Z</time></trkpt><trkpt lat="37.00245600000002" lon="-3.9836289999999996"><ele>835.789</ele><time>2023-04-08T12:05:41Z</time></trkpt><trkpt lat="37.002483000000026" lon="-3.9836769999999997"><ele>835.617</ele><time>2023-04-08T12:05:44Z</time></trkpt><trkpt lat="37.002512000000024" lon="-3.9837249999999997"><ele>835.509</ele><time>2023-04-08T12:05:47Z</time></trkpt><trkpt lat="37.00254700000002" lon="-3.9837779999999996"><ele>835.519</ele><time>2023-04-08T12:05:50Z</time></trkpt><trkpt lat="37.002546000000024" lon="-3.9838369999999994"><ele>835.361</ele><time>2023-04-08T12:05:55Z</time></trkpt><trkpt lat="37.002571000000025" lon="-3.9838879999999994"><ele>835.328</ele><time>2023-04-08T12:05:58Z</time></trkpt><trkpt lat="37.002574000000024" lon="-3.9839579999999994"><ele>835.336</ele><time>2023-04-08T12:06:02Z</time></trkpt><trkpt lat="37.00258700000003" lon="-3.9840169999999993"><ele>835.164</ele><time>2023-04-08T12:06:06Z</time></trkpt><trkpt lat="37.00259700000003" lon="-3.9840749999999994"><ele>835.279</ele><time>2023-04-08T12:06:10Z</time></trkpt><trkpt lat="37.00264000000003" lon="-3.9841189999999993"><ele>835.218</ele><time>2023-04-08T12:06:15Z</time></trkpt><trkpt lat="37.00268100000003" lon="-3.9841449999999994"><ele>835.216</ele><time>2023-04-08T12:06:18Z</time></trkpt><trkpt lat="37.00266800000003" lon="-3.984206999999999"><ele>835.217</ele><time>2023-04-08T12:06:21Z</time></trkpt><trkpt lat="37.002711000000026" lon="-3.984227999999999"><ele>835.348</ele><time>2023-04-08T12:06:25Z</time></trkpt><trkpt lat="37.002740000000024" lon="-3.984294999999999"><ele>835.561</ele><time>2023-04-08T12:06:29Z</time></trkpt><trkpt lat="37.002771000000024" lon="-3.984347999999999"><ele>835.317</ele><time>2023-04-08T12:06:33Z</time></trkpt><trkpt lat="37.00279500000003" lon="-3.984410999999999"><ele>835.309</ele><time>2023-04-08T12:06:38Z</time></trkpt><trkpt lat="37.00283300000003" lon="-3.9844539999999986"><ele>835.155</ele><time>2023-04-08T12:06:42Z</time></trkpt><trkpt lat="37.00286700000003" lon="-3.9844949999999986"><ele>834.737</ele><time>2023-04-08T12:06:46Z</time></trkpt><trkpt lat="37.00287200000003" lon="-3.9845629999999987"><ele>834.194</ele><time>2023-04-08T12:06:50Z</time></trkpt><trkpt lat="37.002882000000035" lon="-3.9846349999999986"><ele>833.992</ele><time>2023-04-08T12:06:55Z</time></trkpt><trkpt lat="37.00287500000004" lon="-3.9847049999999986"><ele>833.790</ele><time>2023-04-08T12:06:59Z</time></trkpt><trkpt lat="37.002890000000036" lon="-3.9847639999999984"><ele>833.555</ele><time>2023-04-08T12:07:04Z</time></trkpt><trkpt lat="37.002919000000034" lon="-3.9847199999999985"><ele>833.044</ele><time>2023-04-08T12:07:26Z</time></trkpt><trkpt lat="37.00294900000004" lon="-3.9846659999999985"><ele>831.872</ele><time>2023-04-08T12:07:55Z</time></trkpt><trkpt lat="37.002936000000034" lon="-3.9845869999999985"><ele>831.643</ele><time>2023-04-08T12:07:58Z</time></trkpt><trkpt lat="37.002944000000035" lon="-3.9846459999999984"><ele>831.627</ele><time>2023-04-08T12:08:00Z</time></trkpt><trkpt lat="37.002989000000035" lon="-3.9846729999999986"><ele>831.668</ele><time>2023-04-08T12:08:05Z</time></trkpt><trkpt lat="37.00294800000003" lon="-3.9846289999999986"><ele>831.514</ele><time>2023-04-08T12:08:22Z</time></trkpt><trkpt lat="37.00294800000003" lon="-3.9847069999999984"><ele>831.609</ele><time>2023-04-08T12:08:34Z</time></trkpt><trkpt lat="37.00295300000003" lon="-3.9847639999999984"><ele>831.683</ele><time>2023-04-08T12:08:39Z</time></trkpt><trkpt lat="37.002930000000035" lon="-3.9848149999999984"><ele>832.475</ele><time>2023-04-08T12:08:49Z</time></trkpt><trkpt lat="37.00291700000003" lon="-3.9848789999999985"><ele>832.742</ele><time>2023-04-08T12:08:54Z</time></trkpt><trkpt lat="37.002902000000034" lon="-3.9849349999999983"><ele>833.490</ele><time>2023-04-08T12:08:59Z</time></trkpt><trkpt lat="37.002896000000035" lon="-3.9849989999999984"><ele>834.088</ele><time>2023-04-08T12:09:03Z</time></trkpt><trkpt lat="37.002905000000034" lon="-3.9850649999999983"><ele>834.333</ele><time>2023-04-08T12:09:08Z</time></trkpt><trkpt lat="37.00288400000004" lon="-3.9851159999999983"><ele>834.572</ele><time>2023-04-08T12:09:17Z</time></trkpt><trkpt lat="37.00287200000004" lon="-3.985171999999998"><ele>834.610</ele><time>2023-04-08T12:09:21Z</time></trkpt><trkpt lat="37.002817000000036" lon="-3.985225999999998"><ele>835.061</ele><time>2023-04-08T12:09:38Z</time></trkpt><trkpt lat="37.002860000000034" lon="-3.985263999999998"><ele>835.063</ele><time>2023-04-08T12:09:44Z</time></trkpt><trkpt lat="37.002840000000035" lon="-3.9853159999999983"><ele>834.844</ele><time>2023-04-08T12:09:49Z</time></trkpt><trkpt lat="37.00284100000003" lon="-3.985381999999998"><ele>834.618</ele><time>2023-04-08T12:09:56Z</time></trkpt><trkpt lat="37.00284400000003" lon="-3.985440999999998"><ele>834.809</ele><time>2023-04-08T12:10:02Z</time></trkpt><trkpt lat="37.00281400000003" lon="-3.985507999999998"><ele>835.127</ele><time>2023-04-08T12:10:07Z</time></trkpt><trkpt lat="37.002835000000026" lon="-3.985577999999998"><ele>835.979</ele><time>2023-04-08T12:10:13Z</time></trkpt><trkpt lat="37.00279400000002" lon="-3.985631999999998"><ele>836.096</ele><time>2023-04-08T12:10:15Z</time></trkpt><trkpt lat="37.002709000000024" lon="-3.985601999999998"><ele>836.694</ele><time>2023-04-08T12:10:17Z</time></trkpt><trkpt lat="37.00266200000002" lon="-3.985577999999998"><ele>836.912</ele><time>2023-04-08T12:10:20Z</time></trkpt><trkpt lat="37.00260400000002" lon="-3.985559999999998"><ele>837.037</ele><time>2023-04-08T12:10:25Z</time></trkpt><trkpt lat="37.00257400000002" lon="-3.9855129999999983"><ele>837.816</ele><time>2023-04-08T12:10:39Z</time></trkpt><trkpt lat="37.002566000000016" lon="-3.985571999999998"><ele>838.394</ele><time>2023-04-08T12:11:06Z</time></trkpt><trkpt lat="37.00253900000001" lon="-3.985628999999998"><ele>838.385</ele><time>2023-04-08T12:11:11Z</time></trkpt><trkpt lat="37.00250800000001" lon="-3.985672999999998"><ele>838.671</ele><time>2023-04-08T12:11:21Z</time></trkpt><trkpt lat="37.002476000000016" lon="-3.985717999999998"><ele>839.041</ele><time>2023-04-08T12:11:43Z</time></trkpt><trkpt lat="37.00242500000002" lon="-3.985723999999998"><ele>839.815</ele><time>2023-04-08T12:12:10Z</time></trkpt><trkpt lat="37.002389000000015" lon="-3.985770999999998"><ele>839.909</ele><time>2023-04-08T12:12:15Z</time></trkpt><trkpt lat="37.00238700000001" lon="-3.985827999999998"><ele>840.018</ele><time>2023-04-08T12:12:18Z</time></trkpt><trkpt lat="37.002355000000016" lon="-3.9858709999999977"><ele>840.140</ele><time>2023-04-08T12:12:24Z</time></trkpt><trkpt lat="37.00236300000002" lon="-3.9859279999999977"><ele>840.447</ele><time>2023-04-08T12:12:29Z</time></trkpt><trkpt lat="37.00234500000002" lon="-3.9859879999999976"><ele>840.925</ele><time>2023-04-08T12:12:34Z</time></trkpt><trkpt lat="37.00233900000002" lon="-3.9860569999999975"><ele>841.843</ele><time>2023-04-08T12:12:40Z</time></trkpt><trkpt lat="37.00231700000002" lon="-3.9861169999999975"><ele>842.858</ele><time>2023-04-08T12:12:46Z</time></trkpt><trkpt lat="37.002293000000016" lon="-3.9861769999999974"><ele>842.987</ele><time>2023-04-08T12:12:51Z</time></trkpt><trkpt lat="37.00226900000001" lon="-3.9862259999999976"><ele>843.075</ele><time>2023-04-08T12:12:55Z</time></trkpt><trkpt lat="37.00223500000001" lon="-3.9862699999999975"><ele>843.116</ele><time>2023-04-08T12:13:01Z</time></trkpt><trkpt lat="37.002206000000015" lon="-3.9863289999999973"><ele>843.114</ele><time>2023-04-08T12:13:07Z</time></trkpt><trkpt lat="37.002181000000014" lon="-3.986381999999997"><ele>843.054</ele><time>2023-04-08T12:13:11Z</time></trkpt><trkpt lat="37.00216300000002" lon="-3.986438999999997"><ele>843.009</ele><time>2023-04-08T12:13:16Z</time></trkpt><trkpt lat="37.00214000000002" lon="-3.9864969999999973"><ele>843.009</ele><time>2023-04-08T12:13:21Z</time></trkpt><trkpt lat="37.00210000000002" lon="-3.9865269999999975"><ele>842.942</ele><time>2023-04-08T12:13:27Z</time></trkpt><trkpt lat="37.00205300000002" lon="-3.9865269999999975"><ele>843.014</ele><time>2023-04-08T12:13:39Z</time></trkpt><trkpt lat="37.002003000000016" lon="-3.9865209999999975"><ele>843.041</ele><time>2023-04-08T12:14:08Z</time></trkpt><trkpt lat="37.00198200000002" lon="-3.9864649999999977"><ele>842.889</ele><time>2023-04-08T12:14:24Z</time></trkpt><trkpt lat="37.00202500000002" lon="-3.986510999999998"><ele>843.057</ele><time>2023-04-08T12:14:29Z</time></trkpt><trkpt lat="37.00199100000002" lon="-3.986453999999998"><ele>842.882</ele><time>2023-04-08T12:14:54Z</time></trkpt><trkpt lat="37.00202800000002" lon="-3.986490999999998"><ele>842.851</ele><time>2023-04-08T12:15:12Z</time></trkpt><trkpt lat="37.001978000000015" lon="-3.986478999999998"><ele>842.869</ele><time>2023-04-08T12:15:46Z</time></trkpt><trkpt lat="37.002023000000015" lon="-3.986476999999998"><ele>843.030</ele><time>2023-04-08T12:15:58Z</time></trkpt><trkpt lat="37.00207000000002" lon="-3.986479999999998"><ele>842.935</ele><time>2023-04-08T12:16:04Z</time></trkpt><trkpt lat="37.002113000000016" lon="-3.986453999999998"><ele>842.886</ele><time>2023-04-08T12:16:09Z</time></trkpt><trkpt lat="37.00215700000002" lon="-3.986429999999998"><ele>843.114</ele><time>2023-04-08T12:16:13Z</time></trkpt><trkpt lat="37.00218500000002" lon="-3.986378999999998"><ele>843.009</ele><time>2023-04-08T12:16:17Z</time></trkpt><trkpt lat="37.00221000000002" lon="-3.986330999999998"><ele>842.944</ele><time>2023-04-08T12:16:21Z</time></trkpt><trkpt lat="37.00224300000002" lon="-3.986281999999998"><ele>843.066</ele><time>2023-04-08T12:16:26Z</time></trkpt><trkpt lat="37.002273000000024" lon="-3.9862239999999978"><ele>843.543</ele><time>2023-04-08T12:16:31Z</time></trkpt><trkpt lat="37.00229600000002" lon="-3.9861749999999976"><ele>843.591</ele><time>2023-04-08T12:16:35Z</time></trkpt><trkpt lat="37.002315000000024" lon="-3.9861149999999976"><ele>843.629</ele><time>2023-04-08T12:16:39Z</time></trkpt><trkpt lat="37.002337000000026" lon="-3.9860459999999978"><ele>843.754</ele><time>2023-04-08T12:16:44Z</time></trkpt><trkpt lat="37.002343000000025" lon="-3.985979999999998"><ele>843.873</ele><time>2023-04-08T12:16:49Z</time></trkpt><trkpt lat="37.002351000000026" lon="-3.985922999999998"><ele>843.771</ele><time>2023-04-08T12:16:53Z</time></trkpt><trkpt lat="37.00237200000002" lon="-3.9858709999999977"><ele>843.622</ele><time>2023-04-08T12:16:59Z</time></trkpt><trkpt lat="37.002408000000024" lon="-3.9858219999999975"><ele>843.341</ele><time>2023-04-08T12:17:05Z</time></trkpt><trkpt lat="37.002433000000025" lon="-3.9857689999999977"><ele>842.681</ele><time>2023-04-08T12:17:09Z</time></trkpt><trkpt lat="37.002470000000024" lon="-3.9857139999999975"><ele>841.809</ele><time>2023-04-08T12:17:14Z</time></trkpt><trkpt lat="37.002500000000026" lon="-3.9856699999999976"><ele>840.709</ele><time>2023-04-08T12:17:18Z</time></trkpt><trkpt lat="37.00253600000003" lon="-3.9856309999999975"><ele>840.375</ele><time>2023-04-08T12:17:24Z</time></trkpt><trkpt lat="37.00257300000003" lon="-3.9855839999999976"><ele>840.077</ele><time>2023-04-08T12:17:31Z</time></trkpt><trkpt lat="37.00260100000003" lon="-3.9855369999999977"><ele>839.864</ele><time>2023-04-08T12:17:35Z</time></trkpt><trkpt lat="37.00264900000003" lon="-3.9855119999999977"><ele>839.222</ele><time>2023-04-08T12:17:42Z</time></trkpt><trkpt lat="37.00269900000003" lon="-3.9855279999999977"><ele>838.640</ele><time>2023-04-08T12:17:47Z</time></trkpt><trkpt lat="37.00275200000003" lon="-3.9855249999999978"><ele>838.235</ele><time>2023-04-08T12:17:51Z</time></trkpt><trkpt lat="37.00279900000003" lon="-3.9855299999999976"><ele>837.854</ele><time>2023-04-08T12:17:57Z</time></trkpt><trkpt lat="37.00281600000003" lon="-3.9855969999999976"><ele>838.032</ele><time>2023-04-08T12:18:03Z</time></trkpt><trkpt lat="37.00282300000003" lon="-3.9856529999999974"><ele>838.033</ele><time>2023-04-08T12:18:09Z</time></trkpt><trkpt lat="37.00282600000003" lon="-3.9857139999999975"><ele>838.388</ele><time>2023-04-08T12:18:18Z</time></trkpt><trkpt lat="37.00280800000003" lon="-3.9857709999999975"><ele>839.024</ele><time>2023-04-08T12:18:26Z</time></trkpt><trkpt lat="37.00278500000003" lon="-3.9858329999999973"><ele>839.826</ele><time>2023-04-08T12:18:50Z</time></trkpt><trkpt lat="37.00276200000003" lon="-3.9858839999999973"><ele>840.009</ele><time>2023-04-08T12:18:55Z</time></trkpt><trkpt lat="37.00274200000003" lon="-3.9859379999999973"><ele>840.159</ele><time>2023-04-08T12:19:01Z</time></trkpt><trkpt lat="37.002739000000034" lon="-3.9859989999999974"><ele>840.291</ele><time>2023-04-08T12:19:07Z</time></trkpt><trkpt lat="37.00273100000003" lon="-3.9860659999999974"><ele>840.228</ele><time>2023-04-08T12:19:14Z</time></trkpt><trkpt lat="37.00272600000003" lon="-3.9861239999999976"><ele>840.676</ele><time>2023-04-08T12:19:18Z</time></trkpt><trkpt lat="37.002705000000034" lon="-3.9861909999999976"><ele>840.944</ele><time>2023-04-08T12:19:22Z</time></trkpt><trkpt lat="37.00268600000003" lon="-3.9862469999999974"><ele>841.029</ele><time>2023-04-08T12:19:26Z</time></trkpt><trkpt lat="37.00266100000003" lon="-3.986308999999997"><ele>841.288</ele><time>2023-04-08T12:19:33Z</time></trkpt><trkpt lat="37.002612000000035" lon="-3.9863229999999974"><ele>840.636</ele><time>2023-04-08T12:19:44Z</time></trkpt><trkpt lat="37.002592000000035" lon="-3.9863879999999976"><ele>838.777</ele><time>2023-04-08T12:20:09Z</time></trkpt><trkpt lat="37.00255100000003" lon="-3.9864199999999976"><ele>838.238</ele><time>2023-04-08T12:20:14Z</time></trkpt><trkpt lat="37.00251000000003" lon="-3.9864639999999976"><ele>838.170</ele><time>2023-04-08T12:20:18Z</time></trkpt><trkpt lat="37.00246300000003" lon="-3.9864739999999976"><ele>837.417</ele><time>2023-04-08T12:20:22Z</time></trkpt><trkpt lat="37.002425000000024" lon="-3.9865089999999976"><ele>836.609</ele><time>2023-04-08T12:20:31Z</time></trkpt><trkpt lat="37.00242800000002" lon="-3.9865749999999975"><ele>836.614</ele><time>2023-04-08T12:20:35Z</time></trkpt><trkpt lat="37.00239000000002" lon="-3.9866229999999976"><ele>836.736</ele><time>2023-04-08T12:20:41Z</time></trkpt><trkpt lat="37.002366000000016" lon="-3.9866779999999977"><ele>836.913</ele><time>2023-04-08T12:20:50Z</time></trkpt><trkpt lat="37.00235400000002" lon="-3.986735999999998"><ele>837.211</ele><time>2023-04-08T12:20:58Z</time></trkpt><trkpt lat="37.00230500000002" lon="-3.9867569999999977"><ele>837.499</ele><time>2023-04-08T12:21:04Z</time></trkpt><trkpt lat="37.00229300000002" lon="-3.9868129999999975"><ele>837.894</ele><time>2023-04-08T12:21:17Z</time></trkpt><trkpt lat="37.00225500000002" lon="-3.9868569999999974"><ele>838.063</ele><time>2023-04-08T12:21:20Z</time></trkpt><trkpt lat="37.00222900000002" lon="-3.9869059999999976"><ele>838.391</ele><time>2023-04-08T12:21:25Z</time></trkpt><trkpt lat="37.00218100000002" lon="-3.9869419999999978"><ele>838.852</ele><time>2023-04-08T12:21:32Z</time></trkpt><trkpt lat="37.002149000000024" lon="-3.9869829999999977"><ele>839.046</ele><time>2023-04-08T12:21:36Z</time></trkpt><trkpt lat="37.00211900000002" lon="-3.9870309999999978"><ele>841.188</ele><time>2023-04-08T12:21:42Z</time></trkpt><trkpt lat="37.00207200000002" lon="-3.987088999999998"><ele>841.216</ele><time>2023-04-08T12:21:49Z</time></trkpt><trkpt lat="37.00201000000002" lon="-3.987111999999998"><ele>842.009</ele><time>2023-04-08T12:21:53Z</time></trkpt><trkpt lat="37.00197300000002" lon="-3.987157999999998"><ele>843.075</ele><time>2023-04-08T12:22:00Z</time></trkpt><trkpt lat="37.00193900000002" lon="-3.987201999999998"><ele>844.297</ele><time>2023-04-08T12:22:07Z</time></trkpt><trkpt lat="37.00189700000002" lon="-3.987232999999998"><ele>845.054</ele><time>2023-04-08T12:22:18Z</time></trkpt><trkpt lat="37.00185600000002" lon="-3.987256999999998"><ele>845.622</ele><time>2023-04-08T12:22:24Z</time></trkpt><trkpt lat="37.001840000000016" lon="-3.987314999999998"><ele>846.670</ele><time>2023-04-08T12:22:32Z</time></trkpt><trkpt lat="37.001812000000015" lon="-3.987363999999998"><ele>847.535</ele><time>2023-04-08T12:22:40Z</time></trkpt><trkpt lat="37.001770000000015" lon="-3.9873839999999983"><ele>849.224</ele><time>2023-04-08T12:22:49Z</time></trkpt><trkpt lat="37.00172900000001" lon="-3.987356999999998"><ele>850.682</ele><time>2023-04-08T12:22:53Z</time></trkpt><trkpt lat="37.00168100000001" lon="-3.987347999999998"><ele>851.013</ele><time>2023-04-08T12:22:57Z</time></trkpt><trkpt lat="37.00162800000001" lon="-3.987322999999998"><ele>851.423</ele><time>2023-04-08T12:23:00Z</time></trkpt><trkpt lat="37.00161500000001" lon="-3.987257999999998"><ele>852.083</ele><time>2023-04-08T12:23:04Z</time></trkpt><trkpt lat="37.001636000000005" lon="-3.987196999999998"><ele>851.711</ele><time>2023-04-08T12:23:09Z</time></trkpt><trkpt lat="37.001656000000004" lon="-3.987135999999998"><ele>851.209</ele><time>2023-04-08T12:23:15Z</time></trkpt><trkpt lat="37.00168000000001" lon="-3.9870879999999977"><ele>850.713</ele><time>2023-04-08T12:23:19Z</time></trkpt><trkpt lat="37.00170800000001" lon="-3.9870329999999976"><ele>850.095</ele><time>2023-04-08T12:23:24Z</time></trkpt><trkpt lat="37.001703000000006" lon="-3.9869729999999977"><ele>849.482</ele><time>2023-04-08T12:23:46Z</time></trkpt><trkpt lat="37.001662" lon="-3.987002999999998"><ele>849.530</ele><time>2023-04-08T12:24:05Z</time></trkpt><trkpt lat="37.001623" lon="-3.9869609999999978"><ele>849.938</ele><time>2023-04-08T12:24:17Z</time></trkpt><trkpt lat="37.001578" lon="-3.9869439999999976"><ele>850.473</ele><time>2023-04-08T12:24:25Z</time></trkpt><trkpt lat="37.001539" lon="-3.9869849999999976"><ele>851.272</ele><time>2023-04-08T12:24:31Z</time></trkpt><trkpt lat="37.001514" lon="-3.9870339999999977"><ele>852.840</ele><time>2023-04-08T12:24:37Z</time></trkpt><trkpt lat="37.001521" lon="-3.9869729999999977"><ele>853.791</ele><time>2023-04-08T12:25:06Z</time></trkpt><trkpt lat="37.001565" lon="-3.9869589999999975"><ele>853.729</ele><time>2023-04-08T12:25:12Z</time></trkpt><trkpt lat="37.001609" lon="-3.9869489999999974"><ele>853.700</ele><time>2023-04-08T12:25:21Z</time></trkpt><trkpt lat="37.001649" lon="-3.986918999999997"><ele>853.620</ele><time>2023-04-08T12:25:36Z</time></trkpt><trkpt lat="37.001681" lon="-3.9869739999999974"><ele>852.109</ele><time>2023-04-08T12:26:02Z</time></trkpt><trkpt lat="37.00166" lon="-3.987035999999997"><ele>851.943</ele><time>2023-04-08T12:26:07Z</time></trkpt><trkpt lat="37.001642000000004" lon="-3.9871069999999973"><ele>851.365</ele><time>2023-04-08T12:26:12Z</time></trkpt><trkpt lat="37.001623" lon="-3.9871619999999974"><ele>849.812</ele><time>2023-04-08T12:26:17Z</time></trkpt><trkpt lat="37.001623" lon="-3.9872369999999973"><ele>849.470</ele><time>2023-04-08T12:26:22Z</time></trkpt><trkpt lat="37.001627" lon="-3.9872939999999972"><ele>849.528</ele><time>2023-04-08T12:26:25Z</time></trkpt><trkpt lat="37.001663" lon="-3.987349999999997"><ele>851.323</ele><time>2023-04-08T12:26:30Z</time></trkpt><trkpt lat="37.001686" lon="-3.9873989999999973"><ele>851.542</ele><time>2023-04-08T12:26:38Z</time></trkpt><trkpt lat="37.00168" lon="-3.987458999999997"><ele>852.220</ele><time>2023-04-08T12:26:44Z</time></trkpt><trkpt lat="37.001656" lon="-3.9875079999999974"><ele>853.451</ele><time>2023-04-08T12:26:53Z</time></trkpt><trkpt lat="37.001611999999994" lon="-3.9875249999999975"><ele>856.518</ele><time>2023-04-08T12:26:59Z</time></trkpt><trkpt lat="37.00162099999999" lon="-3.9875819999999975"><ele>857.398</ele><time>2023-04-08T12:27:05Z</time></trkpt><trkpt lat="37.001599999999996" lon="-3.9876499999999977"><ele>858.817</ele><time>2023-04-08T12:27:11Z</time></trkpt><trkpt lat="37.001588" lon="-3.9877139999999978"><ele>860.409</ele><time>2023-04-08T12:27:18Z</time></trkpt><trkpt lat="37.001540999999996" lon="-3.9877129999999976"><ele>862.792</ele><time>2023-04-08T12:27:26Z</time></trkpt><trkpt lat="37.001490999999994" lon="-3.9876849999999977"><ele>863.864</ele><time>2023-04-08T12:27:31Z</time></trkpt><trkpt lat="37.001442999999995" lon="-3.987666999999998"><ele>865.081</ele><time>2023-04-08T12:27:35Z</time></trkpt><trkpt lat="37.001397" lon="-3.987637999999998"><ele>865.799</ele><time>2023-04-08T12:27:41Z</time></trkpt><trkpt lat="37.001351" lon="-3.9876209999999976"><ele>866.147</ele><time>2023-04-08T12:27:46Z</time></trkpt><trkpt lat="37.001335" lon="-3.9876759999999978"><ele>866.122</ele><time>2023-04-08T12:27:51Z</time></trkpt><trkpt lat="37.001279999999994" lon="-3.987654999999998"><ele>866.421</ele><time>2023-04-08T12:28:03Z</time></trkpt><trkpt lat="37.001242999999995" lon="-3.987621999999998"><ele>866.529</ele><time>2023-04-08T12:28:08Z</time></trkpt><trkpt lat="37.001211999999995" lon="-3.9875609999999977"><ele>866.660</ele><time>2023-04-08T12:28:13Z</time></trkpt><trkpt lat="37.00117399999999" lon="-3.9875199999999977"><ele>866.771</ele><time>2023-04-08T12:28:17Z</time></trkpt><trkpt lat="37.001130999999994" lon="-3.987488999999998"><ele>866.841</ele><time>2023-04-08T12:28:21Z</time></trkpt><trkpt lat="37.001079999999995" lon="-3.9874879999999977"><ele>867.815</ele><time>2023-04-08T12:28:25Z</time></trkpt><trkpt lat="37.001037" lon="-3.9875169999999978"><ele>868.409</ele><time>2023-04-08T12:28:31Z</time></trkpt><trkpt lat="37.000992" lon="-3.9875169999999978"><ele>868.788</ele><time>2023-04-08T12:28:39Z</time></trkpt><trkpt lat="37.000933999999994" lon="-3.987513999999998"><ele>868.950</ele><time>2023-04-08T12:28:43Z</time></trkpt><trkpt lat="37.00088999999999" lon="-3.987523999999998"><ele>869.037</ele><time>2023-04-08T12:28:47Z</time></trkpt><trkpt lat="37.000843999999994" lon="-3.987540999999998"><ele>869.245</ele><time>2023-04-08T12:28:52Z</time></trkpt><trkpt lat="37.000795999999994" lon="-3.987565999999998"><ele>869.913</ele><time>2023-04-08T12:29:05Z</time></trkpt><trkpt lat="37.000758999999995" lon="-3.987598999999998"><ele>870.438</ele><time>2023-04-08T12:29:11Z</time></trkpt><trkpt lat="37.000704999999996" lon="-3.9875999999999983"><ele>870.597</ele><time>2023-04-08T12:29:16Z</time></trkpt><trkpt lat="37.000657999999994" lon="-3.9875939999999983"><ele>870.685</ele><time>2023-04-08T12:29:20Z</time></trkpt><trkpt lat="37.000612" lon="-3.987582999999998"><ele>870.696</ele><time>2023-04-08T12:29:25Z</time></trkpt><trkpt lat="37.000555" lon="-3.987581999999998"><ele>870.483</ele><time>2023-04-08T12:29:31Z</time></trkpt><trkpt lat="37.000524999999996" lon="-3.987539999999998"><ele>870.425</ele><time>2023-04-08T12:29:35Z</time></trkpt><trkpt lat="37.000482999999996" lon="-3.9875609999999977"><ele>868.917</ele><time>2023-04-08T12:30:22Z</time></trkpt><trkpt lat="37.000462" lon="-3.9876139999999975"><ele>868.909</ele><time>2023-04-08T12:30:58Z</time></trkpt><trkpt lat="37.000416" lon="-3.9876299999999976"><ele>869.039</ele><time>2023-04-08T12:31:15Z</time></trkpt><trkpt lat="37.000363" lon="-3.9876369999999977"><ele>869.171</ele><time>2023-04-08T12:31:21Z</time></trkpt><trkpt lat="37.000314" lon="-3.9876279999999977"><ele>871.418</ele><time>2023-04-08T12:31:25Z</time></trkpt><trkpt lat="37.000265000000006" lon="-3.987583999999998"><ele>873.026</ele><time>2023-04-08T12:31:30Z</time></trkpt><trkpt lat="37.000218000000004" lon="-3.987565999999998"><ele>873.914</ele><time>2023-04-08T12:31:34Z</time></trkpt><trkpt lat="37.000176" lon="-3.987539999999998"><ele>874.339</ele><time>2023-04-08T12:31:37Z</time></trkpt><trkpt lat="37.000121" lon="-3.987518999999998"><ele>874.658</ele><time>2023-04-08T12:31:40Z</time></trkpt><trkpt lat="37.000076" lon="-3.987499999999998"><ele>873.926</ele><time>2023-04-08T12:31:43Z</time></trkpt><trkpt lat="37.000024" lon="-3.987492999999998"><ele>873.197</ele><time>2023-04-08T12:31:46Z</time></trkpt><trkpt lat="36.999961000000006" lon="-3.987486999999998"><ele>872.829</ele><time>2023-04-08T12:31:50Z</time></trkpt><trkpt lat="36.99991000000001" lon="-3.987466999999998"><ele>872.700</ele><time>2023-04-08T12:31:53Z</time></trkpt><trkpt lat="36.99986700000001" lon="-3.9874369999999977"><ele>872.620</ele><time>2023-04-08T12:31:56Z</time></trkpt><trkpt lat="36.99983700000001" lon="-3.9873899999999978"><ele>872.809</ele><time>2023-04-08T12:32:00Z</time></trkpt><trkpt lat="36.999796" lon="-3.987365999999998"><ele>873.263</ele><time>2023-04-08T12:32:03Z</time></trkpt><trkpt lat="36.999750000000006" lon="-3.987361999999998"><ele>873.565</ele><time>2023-04-08T12:32:06Z</time></trkpt><trkpt lat="36.999705000000006" lon="-3.987343999999998"><ele>873.722</ele><time>2023-04-08T12:32:11Z</time></trkpt><trkpt lat="36.999658000000004" lon="-3.987316999999998"><ele>874.780</ele><time>2023-04-08T12:32:15Z</time></trkpt><trkpt lat="36.999612000000006" lon="-3.9872899999999976"><ele>876.268</ele><time>2023-04-08T12:32:19Z</time></trkpt><trkpt lat="36.999565000000004" lon="-3.9872639999999975"><ele>877.173</ele><time>2023-04-08T12:32:24Z</time></trkpt><trkpt lat="36.999517000000004" lon="-3.9872589999999977"><ele>877.732</ele><time>2023-04-08T12:32:27Z</time></trkpt><trkpt lat="36.999474000000006" lon="-3.9872419999999975"><ele>878.680</ele><time>2023-04-08T12:32:31Z</time></trkpt><trkpt lat="36.999424000000005" lon="-3.9872129999999975"><ele>880.321</ele><time>2023-04-08T12:32:37Z</time></trkpt><trkpt lat="36.99938" lon="-3.9871959999999973"><ele>881.279</ele><time>2023-04-08T12:32:40Z</time></trkpt><trkpt lat="36.999338" lon="-3.9871549999999973"><ele>881.505</ele><time>2023-04-08T12:32:44Z</time></trkpt><trkpt lat="36.999285" lon="-3.987162999999997"><ele>882.425</ele><time>2023-04-08T12:32:49Z</time></trkpt><trkpt lat="36.999234" lon="-3.987174999999997"><ele>883.109</ele><time>2023-04-08T12:32:53Z</time></trkpt><trkpt lat="36.999187" lon="-3.987181999999997"><ele>883.798</ele><time>2023-04-08T12:33:08Z</time></trkpt><trkpt lat="36.999139" lon="-3.9871829999999973"><ele>883.740</ele><time>2023-04-08T12:33:13Z</time></trkpt><trkpt lat="36.999111" lon="-3.9872309999999973"><ele>883.847</ele><time>2023-04-08T12:33:17Z</time></trkpt><trkpt lat="36.999058" lon="-3.987229999999997"><ele>884.585</ele><time>2023-04-08T12:33:23Z</time></trkpt><trkpt lat="36.999010999999996" lon="-3.9872369999999973"><ele>884.763</ele><time>2023-04-08T12:33:27Z</time></trkpt><trkpt lat="36.99896" lon="-3.9872559999999972"><ele>885.698</ele><time>2023-04-08T12:33:32Z</time></trkpt><trkpt lat="36.998911" lon="-3.9872689999999973"><ele>886.117</ele><time>2023-04-08T12:33:37Z</time></trkpt><trkpt lat="36.998864" lon="-3.987277999999997"><ele>886.525</ele><time>2023-04-08T12:33:43Z</time></trkpt><trkpt lat="36.998808999999994" lon="-3.9872689999999973"><ele>887.756</ele><time>2023-04-08T12:33:48Z</time></trkpt><trkpt lat="36.99876499999999" lon="-3.987248999999997"><ele>888.544</ele><time>2023-04-08T12:33:51Z</time></trkpt><trkpt lat="36.99871699999999" lon="-3.987250999999997"><ele>888.705</ele><time>2023-04-08T12:33:55Z</time></trkpt><trkpt lat="36.998664999999995" lon="-3.987239999999997"><ele>889.715</ele><time>2023-04-08T12:34:00Z</time></trkpt><trkpt lat="36.998613999999996" lon="-3.987249999999997"><ele>891.409</ele><time>2023-04-08T12:34:04Z</time></trkpt><trkpt lat="36.998566999999994" lon="-3.987266999999997"><ele>892.415</ele><time>2023-04-08T12:34:09Z</time></trkpt><trkpt lat="36.998521" lon="-3.987268999999997"><ele>893.327</ele><time>2023-04-08T12:34:13Z</time></trkpt><trkpt lat="36.998475" lon="-3.987274999999997"><ele>894.564</ele><time>2023-04-08T12:34:17Z</time></trkpt><trkpt lat="36.998423" lon="-3.987259999999997"><ele>895.112</ele><time>2023-04-08T12:34:22Z</time></trkpt><trkpt lat="36.998380000000004" lon="-3.987217999999997"><ele>895.990</ele><time>2023-04-08T12:34:26Z</time></trkpt><trkpt lat="36.99833" lon="-3.987192999999997"><ele>897.795</ele><time>2023-04-08T12:34:32Z</time></trkpt><trkpt lat="36.998321000000004" lon="-3.9871219999999967"><ele>898.114</ele><time>2023-04-08T12:34:35Z</time></trkpt><trkpt lat="36.998276000000004" lon="-3.9871299999999965"><ele>898.712</ele><time>2023-04-08T12:35:18Z</time></trkpt><trkpt lat="36.998321000000004" lon="-3.9871249999999967"><ele>898.793</ele><time>2023-04-08T12:35:31Z</time></trkpt><trkpt lat="36.99827500000001" lon="-3.9871369999999966"><ele>898.797</ele><time>2023-04-08T12:35:39Z</time></trkpt><trkpt lat="36.998234000000004" lon="-3.9871709999999965"><ele>898.723</ele><time>2023-04-08T12:35:45Z</time></trkpt><trkpt lat="36.99818500000001" lon="-3.9871899999999965"><ele>898.725</ele><time>2023-04-08T12:35:49Z</time></trkpt><trkpt lat="36.99813900000001" lon="-3.9871919999999963"><ele>898.209</ele><time>2023-04-08T12:35:53Z</time></trkpt><trkpt lat="36.99808300000001" lon="-3.9871859999999963"><ele>897.630</ele><time>2023-04-08T12:35:57Z</time></trkpt><trkpt lat="36.99803400000001" lon="-3.9871799999999964"><ele>896.662</ele><time>2023-04-08T12:36:01Z</time></trkpt><trkpt lat="36.99797400000001" lon="-3.9871829999999964"><ele>896.089</ele><time>2023-04-08T12:36:06Z</time></trkpt><trkpt lat="36.997928000000016" lon="-3.9871649999999965"><ele>895.327</ele><time>2023-04-08T12:36:10Z</time></trkpt><trkpt lat="36.997881000000014" lon="-3.9871449999999964"><ele>894.595</ele><time>2023-04-08T12:36:14Z</time></trkpt><trkpt lat="36.997838000000016" lon="-3.9871229999999964"><ele>894.250</ele><time>2023-04-08T12:36:18Z</time></trkpt><trkpt lat="36.99778600000002" lon="-3.9871069999999964"><ele>893.929</ele><time>2023-04-08T12:36:22Z</time></trkpt><trkpt lat="36.99773900000002" lon="-3.9871049999999966"><ele>893.977</ele><time>2023-04-08T12:36:26Z</time></trkpt><trkpt lat="36.99769700000002" lon="-3.9871259999999964"><ele>894.068</ele><time>2023-04-08T12:36:30Z</time></trkpt><trkpt lat="36.997653000000014" lon="-3.9871549999999965"><ele>894.292</ele><time>2023-04-08T12:36:34Z</time></trkpt><trkpt lat="36.99760900000001" lon="-3.9871869999999965"><ele>894.373</ele><time>2023-04-08T12:36:38Z</time></trkpt><trkpt lat="36.99756600000001" lon="-3.9872149999999964"><ele>894.320</ele><time>2023-04-08T12:36:41Z</time></trkpt><trkpt lat="36.99752200000001" lon="-3.9872489999999963"><ele>894.409</ele><time>2023-04-08T12:36:46Z</time></trkpt><trkpt lat="36.99747100000001" lon="-3.9872709999999962"><ele>894.390</ele><time>2023-04-08T12:36:51Z</time></trkpt><trkpt lat="36.997422000000014" lon="-3.987285999999996"><ele>894.162</ele><time>2023-04-08T12:36:56Z</time></trkpt><trkpt lat="36.99736700000001" lon="-3.9872649999999963"><ele>893.719</ele><time>2023-04-08T12:37:00Z</time></trkpt><trkpt lat="36.99732200000001" lon="-3.987244999999996"><ele>893.747</ele><time>2023-04-08T12:37:03Z</time></trkpt><trkpt lat="36.99727400000001" lon="-3.987250999999996"><ele>893.565</ele><time>2023-04-08T12:37:05Z</time></trkpt><trkpt lat="36.997228000000014" lon="-3.987290999999996"><ele>892.890</ele><time>2023-04-08T12:37:08Z</time></trkpt><trkpt lat="36.99717300000001" lon="-3.987287999999996"><ele>891.949</ele><time>2023-04-08T12:37:12Z</time></trkpt><trkpt lat="36.997124000000014" lon="-3.987316999999996"><ele>890.747</ele><time>2023-04-08T12:37:24Z</time></trkpt><trkpt lat="36.99707400000001" lon="-3.987316999999996"><ele>890.418</ele><time>2023-04-08T12:37:50Z</time></trkpt><trkpt lat="36.99702100000001" lon="-3.987337999999996"><ele>890.352</ele><time>2023-04-08T12:37:58Z</time></trkpt><trkpt lat="36.99696700000001" lon="-3.987329999999996"><ele>889.853</ele><time>2023-04-08T12:38:03Z</time></trkpt><trkpt lat="36.99692000000001" lon="-3.987309999999996"><ele>889.608</ele><time>2023-04-08T12:38:07Z</time></trkpt><trkpt lat="36.99687200000001" lon="-3.987293999999996"><ele>889.309</ele><time>2023-04-08T12:38:12Z</time></trkpt><trkpt lat="36.99682600000001" lon="-3.987267999999996"><ele>889.166</ele><time>2023-04-08T12:38:22Z</time></trkpt><trkpt lat="36.996775000000014" lon="-3.987255999999996"><ele>888.968</ele><time>2023-04-08T12:38:28Z</time></trkpt><trkpt lat="36.996729000000016" lon="-3.987226999999996"><ele>888.625</ele><time>2023-04-08T12:38:33Z</time></trkpt><trkpt lat="36.99667800000002" lon="-3.987207999999996"><ele>888.013</ele><time>2023-04-08T12:38:38Z</time></trkpt><trkpt lat="36.99662400000002" lon="-3.987204999999996"><ele>887.181</ele><time>2023-04-08T12:38:44Z</time></trkpt><trkpt lat="36.99657600000002" lon="-3.9872039999999958"><ele>885.646</ele><time>2023-04-08T12:38:48Z</time></trkpt><trkpt lat="36.99653600000002" lon="-3.987162999999996"><ele>884.545</ele><time>2023-04-08T12:38:53Z</time></trkpt><trkpt lat="36.99648500000002" lon="-3.987143999999996"><ele>883.343</ele><time>2023-04-08T12:38:59Z</time></trkpt><trkpt lat="36.99652800000002" lon="-3.9870889999999957"><ele>882.064</ele><time>2023-04-08T12:39:16Z</time></trkpt><trkpt lat="36.99654800000002" lon="-3.9870129999999957"><ele>882.067</ele><time>2023-04-08T12:39:18Z</time></trkpt><trkpt lat="36.99652500000002" lon="-3.987073999999996"><ele>882.081</ele><time>2023-04-08T12:39:24Z</time></trkpt><trkpt lat="36.99649100000002" lon="-3.9871119999999958"><ele>881.919</ele><time>2023-04-08T12:39:28Z</time></trkpt><trkpt lat="36.99644200000002" lon="-3.9871269999999956"><ele>881.909</ele><time>2023-04-08T12:39:35Z</time></trkpt><trkpt lat="36.99639000000003" lon="-3.9871309999999958"><ele>881.847</ele><time>2023-04-08T12:39:50Z</time></trkpt><trkpt lat="36.99633600000003" lon="-3.9871239999999957"><ele>881.849</ele><time>2023-04-08T12:39:55Z</time></trkpt><trkpt lat="36.99628000000003" lon="-3.987127999999996"><ele>881.636</ele><time>2023-04-08T12:40:00Z</time></trkpt><trkpt lat="36.99623100000003" lon="-3.987124999999996"><ele>881.634</ele><time>2023-04-08T12:40:03Z</time></trkpt><trkpt lat="36.99618300000003" lon="-3.9871299999999956"><ele>881.592</ele><time>2023-04-08T12:40:06Z</time></trkpt><trkpt lat="36.99612300000003" lon="-3.987124999999996"><ele>881.167</ele><time>2023-04-08T12:40:10Z</time></trkpt><trkpt lat="36.996077000000035" lon="-3.987138999999996"><ele>881.116</ele><time>2023-04-08T12:40:14Z</time></trkpt><trkpt lat="36.99603300000003" lon="-3.987163999999996"><ele>882.214</ele><time>2023-04-08T12:40:18Z</time></trkpt><trkpt lat="36.995981000000036" lon="-3.987145999999996"><ele>882.675</ele><time>2023-04-08T12:40:22Z</time></trkpt><trkpt lat="36.995936000000036" lon="-3.987123999999996"><ele>882.849</ele><time>2023-04-08T12:40:25Z</time></trkpt><trkpt lat="36.995888000000036" lon="-3.987098999999996"><ele>883.302</ele><time>2023-04-08T12:40:30Z</time></trkpt><trkpt lat="36.99584800000004" lon="-3.987063999999996"><ele>884.822</ele><time>2023-04-08T12:40:36Z</time></trkpt><trkpt lat="36.995832000000036" lon="-3.9869979999999963"><ele>885.409</ele><time>2023-04-08T12:41:52Z</time></trkpt><trkpt lat="36.995779000000034" lon="-3.986993999999996"><ele>885.685</ele><time>2023-04-08T12:42:18Z</time></trkpt><trkpt lat="36.995731000000035" lon="-3.9869949999999963"><ele>885.497</ele><time>2023-04-08T12:42:21Z</time></trkpt><trkpt lat="36.995680000000036" lon="-3.986983999999996"><ele>884.864</ele><time>2023-04-08T12:42:25Z</time></trkpt><trkpt lat="36.99563300000003" lon="-3.986961999999996"><ele>884.782</ele><time>2023-04-08T12:42:31Z</time></trkpt><trkpt lat="36.995618000000036" lon="-3.9869059999999963"><ele>883.350</ele><time>2023-04-08T12:42:38Z</time></trkpt><trkpt lat="36.99556900000004" lon="-3.9868879999999964"><ele>881.925</ele><time>2023-04-08T12:42:41Z</time></trkpt><trkpt lat="36.99551900000004" lon="-3.9869009999999965"><ele>881.234</ele><time>2023-04-08T12:42:45Z</time></trkpt><trkpt lat="36.99547100000004" lon="-3.9868669999999966"><ele>880.762</ele><time>2023-04-08T12:42:49Z</time></trkpt><trkpt lat="36.995421000000036" lon="-3.9868209999999964"><ele>880.793</ele><time>2023-04-08T12:42:52Z</time></trkpt><trkpt lat="36.995374000000034" lon="-3.9867999999999966"><ele>880.891</ele><time>2023-04-08T12:42:56Z</time></trkpt><trkpt lat="36.99532500000004" lon="-3.9867699999999964"><ele>881.281</ele><time>2023-04-08T12:43:00Z</time></trkpt><trkpt lat="36.99527600000004" lon="-3.9867419999999965"><ele>881.419</ele><time>2023-04-08T12:43:04Z</time></trkpt><trkpt lat="36.99523000000004" lon="-3.9867159999999964"><ele>882.009</ele><time>2023-04-08T12:43:09Z</time></trkpt><trkpt lat="36.995181000000045" lon="-3.9866949999999965"><ele>882.320</ele><time>2023-04-08T12:43:13Z</time></trkpt><trkpt lat="36.995128000000044" lon="-3.9866719999999964"><ele>882.432</ele><time>2023-04-08T12:43:17Z</time></trkpt><trkpt lat="36.995080000000044" lon="-3.9866559999999964"><ele>882.849</ele><time>2023-04-08T12:43:21Z</time></trkpt><trkpt lat="36.99503600000004" lon="-3.9866049999999964"><ele>883.317</ele><time>2023-04-08T12:43:24Z</time></trkpt><trkpt lat="36.99498200000004" lon="-3.986590999999996"><ele>883.685</ele><time>2023-04-08T12:43:29Z</time></trkpt><trkpt lat="36.994931000000044" lon="-3.986589999999996"><ele>883.760</ele><time>2023-04-08T12:43:33Z</time></trkpt><trkpt lat="36.99487300000004" lon="-3.986586999999996"><ele>883.669</ele><time>2023-04-08T12:43:38Z</time></trkpt><trkpt lat="36.99481800000004" lon="-3.986586999999996"><ele>883.637</ele><time>2023-04-08T12:43:42Z</time></trkpt><trkpt lat="36.994760000000035" lon="-3.986561999999996"><ele>883.528</ele><time>2023-04-08T12:43:46Z</time></trkpt><trkpt lat="36.994712000000035" lon="-3.986544999999996"><ele>883.368</ele><time>2023-04-08T12:43:49Z</time></trkpt><trkpt lat="36.99466300000004" lon="-3.986531999999996"><ele>883.142</ele><time>2023-04-08T12:43:52Z</time></trkpt><trkpt lat="36.99461100000004" lon="-3.986517999999996"><ele>883.026</ele><time>2023-04-08T12:43:55Z</time></trkpt><trkpt lat="36.99455700000004" lon="-3.986514999999996"><ele>882.609</ele><time>2023-04-08T12:43:58Z</time></trkpt><trkpt lat="36.994506000000044" lon="-3.986515999999996"><ele>882.387</ele><time>2023-04-08T12:44:01Z</time></trkpt><trkpt lat="36.99445700000005" lon="-3.986517999999996"><ele>882.129</ele><time>2023-04-08T12:44:04Z</time></trkpt><trkpt lat="36.99440800000005" lon="-3.9865229999999956"><ele>881.826</ele><time>2023-04-08T12:44:07Z</time></trkpt><trkpt lat="36.99435500000005" lon="-3.9865199999999956"><ele>881.764</ele><time>2023-04-08T12:44:10Z</time></trkpt><trkpt lat="36.99431000000005" lon="-3.9865379999999955"><ele>881.772</ele><time>2023-04-08T12:44:13Z</time></trkpt><trkpt lat="36.99425700000005" lon="-3.9865459999999953"><ele>881.857</ele><time>2023-04-08T12:44:17Z</time></trkpt><trkpt lat="36.994204000000046" lon="-3.986563999999995"><ele>882.076</ele><time>2023-04-08T12:44:21Z</time></trkpt><trkpt lat="36.994159000000046" lon="-3.986575999999995"><ele>882.254</ele><time>2023-04-08T12:44:25Z</time></trkpt><trkpt lat="36.994109000000044" lon="-3.986576999999995"><ele>882.395</ele><time>2023-04-08T12:44:29Z</time></trkpt><trkpt lat="36.99406000000005" lon="-3.9865749999999953"><ele>882.439</ele><time>2023-04-08T12:44:33Z</time></trkpt><trkpt lat="36.99401100000005" lon="-3.986586999999995"><ele>882.601</ele><time>2023-04-08T12:44:36Z</time></trkpt><trkpt lat="36.99395700000005" lon="-3.9865839999999952"><ele>882.721</ele><time>2023-04-08T12:44:40Z</time></trkpt><trkpt lat="36.99390200000005" lon="-3.986585999999995"><ele>882.709</ele><time>2023-04-08T12:44:43Z</time></trkpt><trkpt lat="36.99385700000005" lon="-3.986568999999995"><ele>882.814</ele><time>2023-04-08T12:44:47Z</time></trkpt><trkpt lat="36.99380700000005" lon="-3.9865549999999947"><ele>882.816</ele><time>2023-04-08T12:44:51Z</time></trkpt><trkpt lat="36.99374700000005" lon="-3.986536999999995"><ele>882.713</ele><time>2023-04-08T12:44:55Z</time></trkpt><trkpt lat="36.99369900000005" lon="-3.986514999999995"><ele>882.671</ele><time>2023-04-08T12:44:58Z</time></trkpt><trkpt lat="36.99365500000005" lon="-3.986492999999995"><ele>882.449</ele><time>2023-04-08T12:45:02Z</time></trkpt><trkpt lat="36.99360000000004" lon="-3.9864629999999948"><ele>882.194</ele><time>2023-04-08T12:45:06Z</time></trkpt><trkpt lat="36.99355900000004" lon="-3.986434999999995"><ele>882.173</ele><time>2023-04-08T12:45:09Z</time></trkpt><trkpt lat="36.99351400000004" lon="-3.986415999999995"><ele>882.171</ele><time>2023-04-08T12:45:12Z</time></trkpt><trkpt lat="36.99346100000004" lon="-3.9863769999999947"><ele>882.322</ele><time>2023-04-08T12:45:16Z</time></trkpt><trkpt lat="36.99342400000004" lon="-3.9863439999999946"><ele>882.784</ele><time>2023-04-08T12:45:19Z</time></trkpt><trkpt lat="36.99337500000004" lon="-3.9863109999999944"><ele>882.807</ele><time>2023-04-08T12:45:23Z</time></trkpt><trkpt lat="36.993321000000044" lon="-3.9862869999999946"><ele>882.917</ele><time>2023-04-08T12:45:27Z</time></trkpt><trkpt lat="36.993278000000046" lon="-3.9862669999999945"><ele>883.009</ele><time>2023-04-08T12:45:30Z</time></trkpt><trkpt lat="36.993233000000046" lon="-3.9862509999999944"><ele>883.199</ele><time>2023-04-08T12:45:33Z</time></trkpt><trkpt lat="36.99317900000005" lon="-3.9862419999999945"><ele>883.181</ele><time>2023-04-08T12:45:37Z</time></trkpt><trkpt lat="36.99312300000005" lon="-3.9862439999999943"><ele>883.468</ele><time>2023-04-08T12:45:41Z</time></trkpt><trkpt lat="36.993076000000045" lon="-3.9862449999999945"><ele>883.656</ele><time>2023-04-08T12:45:44Z</time></trkpt><trkpt lat="36.99302700000005" lon="-3.9862489999999946"><ele>884.254</ele><time>2023-04-08T12:45:47Z</time></trkpt><trkpt lat="36.992977000000046" lon="-3.9862699999999944"><ele>884.679</ele><time>2023-04-08T12:45:51Z</time></trkpt><trkpt lat="36.99292300000005" lon="-3.9862929999999945"><ele>884.998</ele><time>2023-04-08T12:45:55Z</time></trkpt><trkpt lat="36.992873000000046" lon="-3.9863279999999945"><ele>885.216</ele><time>2023-04-08T12:45:59Z</time></trkpt><trkpt lat="36.99283600000005" lon="-3.9863689999999945"><ele>885.227</ele><time>2023-04-08T12:46:03Z</time></trkpt><trkpt lat="36.99280100000005" lon="-3.9864129999999944"><ele>885.165</ele><time>2023-04-08T12:46:07Z</time></trkpt><trkpt lat="36.99274900000005" lon="-3.9864399999999947"><ele>884.868</ele><time>2023-04-08T12:46:11Z</time></trkpt><trkpt lat="36.992700000000056" lon="-3.986440999999995"><ele>884.414</ele><time>2023-04-08T12:46:14Z</time></trkpt><trkpt lat="36.992644000000055" lon="-3.986441999999995"><ele>884.009</ele><time>2023-04-08T12:46:17Z</time></trkpt><trkpt lat="36.992593000000056" lon="-3.986452999999995"><ele>883.737</ele><time>2023-04-08T12:46:20Z</time></trkpt><trkpt lat="36.99253000000006" lon="-3.986452999999995"><ele>883.739</ele><time>2023-04-08T12:46:24Z</time></trkpt><trkpt lat="36.99247900000006" lon="-3.986461999999995"><ele>883.996</ele><time>2023-04-08T12:46:27Z</time></trkpt><trkpt lat="36.99243000000006" lon="-3.986466999999995"><ele>884.254</ele><time>2023-04-08T12:46:30Z</time></trkpt><trkpt lat="36.99238300000006" lon="-3.9864689999999947"><ele>884.372</ele><time>2023-04-08T12:46:34Z</time></trkpt><trkpt lat="36.99234100000006" lon="-3.986494999999995"><ele>884.317</ele><time>2023-04-08T12:46:37Z</time></trkpt><trkpt lat="36.99228700000006" lon="-3.986508999999995"><ele>884.436</ele><time>2023-04-08T12:46:40Z</time></trkpt><trkpt lat="36.99223100000006" lon="-3.986504999999995"><ele>884.374</ele><time>2023-04-08T12:46:44Z</time></trkpt><trkpt lat="36.99217400000006" lon="-3.986491999999995"><ele>883.855</ele><time>2023-04-08T12:46:48Z</time></trkpt><trkpt lat="36.992125000000065" lon="-3.986482999999995"><ele>883.796</ele><time>2023-04-08T12:46:52Z</time></trkpt><trkpt lat="36.99207900000007" lon="-3.986475999999995"><ele>883.631</ele><time>2023-04-08T12:46:56Z</time></trkpt><trkpt lat="36.99203100000007" lon="-3.986463999999995"><ele>883.524</ele><time>2023-04-08T12:46:59Z</time></trkpt><trkpt lat="36.99197900000007" lon="-3.9864469999999947"><ele>883.309</ele><time>2023-04-08T12:47:03Z</time></trkpt><trkpt lat="36.99193500000007" lon="-3.986428999999995"><ele>883.180</ele><time>2023-04-08T12:47:07Z</time></trkpt><trkpt lat="36.99190200000007" lon="-3.986380999999995"><ele>882.952</ele><time>2023-04-08T12:47:11Z</time></trkpt><trkpt lat="36.99185600000007" lon="-3.986333999999995"><ele>882.999</ele><time>2023-04-08T12:47:15Z</time></trkpt><trkpt lat="36.99181400000007" lon="-3.9862879999999947"><ele>883.077</ele><time>2023-04-08T12:47:19Z</time></trkpt><trkpt lat="36.991776000000065" lon="-3.9862559999999947"><ele>883.165</ele><time>2023-04-08T12:47:22Z</time></trkpt><trkpt lat="36.99173600000007" lon="-3.9862069999999945"><ele>883.110</ele><time>2023-04-08T12:47:25Z</time></trkpt><trkpt lat="36.99169800000006" lon="-3.9861699999999947"><ele>883.559</ele><time>2023-04-08T12:47:28Z</time></trkpt><trkpt lat="36.99166000000006" lon="-3.9861339999999945"><ele>883.797</ele><time>2023-04-08T12:47:32Z</time></trkpt><trkpt lat="36.991622000000056" lon="-3.9860859999999945"><ele>884.058</ele><time>2023-04-08T12:47:36Z</time></trkpt><trkpt lat="36.991578000000054" lon="-3.9860479999999945"><ele>884.441</ele><time>2023-04-08T12:47:40Z</time></trkpt><trkpt lat="36.991521000000056" lon="-3.9860239999999947"><ele>884.681</ele><time>2023-04-08T12:47:44Z</time></trkpt><trkpt lat="36.99147500000006" lon="-3.9859799999999947"><ele>885.109</ele><time>2023-04-08T12:47:48Z</time></trkpt><trkpt lat="36.99142600000006" lon="-3.985948999999995"><ele>885.309</ele><time>2023-04-08T12:47:52Z</time></trkpt><trkpt lat="36.99137900000006" lon="-3.985917999999995"><ele>885.475</ele><time>2023-04-08T12:47:56Z</time></trkpt><trkpt lat="36.99132600000006" lon="-3.9858909999999947"><ele>886.067</ele><time>2023-04-08T12:48:00Z</time></trkpt><trkpt lat="36.99128700000006" lon="-3.985859999999995"><ele>886.114</ele><time>2023-04-08T12:48:03Z</time></trkpt><trkpt lat="36.99124700000006" lon="-3.985825999999995"><ele>886.252</ele><time>2023-04-08T12:48:06Z</time></trkpt><trkpt lat="36.991200000000056" lon="-3.985782999999995"><ele>886.110</ele><time>2023-04-08T12:48:10Z</time></trkpt><trkpt lat="36.99115600000005" lon="-3.985749999999995"><ele>885.645</ele><time>2023-04-08T12:48:14Z</time></trkpt><trkpt lat="36.99112000000005" lon="-3.985712999999995"><ele>885.584</ele><time>2023-04-08T12:48:17Z</time></trkpt><trkpt lat="36.99107300000005" lon="-3.985674999999995"><ele>885.572</ele><time>2023-04-08T12:48:21Z</time></trkpt><trkpt lat="36.99102000000005" lon="-3.985657999999995"><ele>885.113</ele><time>2023-04-08T12:48:25Z</time></trkpt><trkpt lat="36.99097700000005" lon="-3.985637999999995"><ele>884.947</ele><time>2023-04-08T12:48:28Z</time></trkpt><trkpt lat="36.990925000000054" lon="-3.985606999999995"><ele>884.829</ele><time>2023-04-08T12:48:32Z</time></trkpt><trkpt lat="36.99087900000006" lon="-3.985588999999995"><ele>884.721</ele><time>2023-04-08T12:48:36Z</time></trkpt><trkpt lat="36.99083000000006" lon="-3.9855769999999953"><ele>884.709</ele><time>2023-04-08T12:48:40Z</time></trkpt><trkpt lat="36.99077600000006" lon="-3.9855449999999952"><ele>884.625</ele><time>2023-04-08T12:48:44Z</time></trkpt><trkpt lat="36.99072800000006" lon="-3.9855259999999952"><ele>884.697</ele><time>2023-04-08T12:48:47Z</time></trkpt><trkpt lat="36.99068600000006" lon="-3.985505999999995"><ele>884.924</ele><time>2023-04-08T12:48:50Z</time></trkpt><trkpt lat="36.99064200000006" lon="-3.985474999999995"><ele>885.022</ele><time>2023-04-08T12:48:53Z</time></trkpt><trkpt lat="36.990595000000056" lon="-3.985444999999995"><ele>885.230</ele><time>2023-04-08T12:48:56Z</time></trkpt><trkpt lat="36.99053800000006" lon="-3.985448999999995"><ele>885.235</ele><time>2023-04-08T12:49:01Z</time></trkpt><trkpt lat="36.990491000000056" lon="-3.985442999999995"><ele>885.214</ele><time>2023-04-08T12:49:05Z</time></trkpt><trkpt lat="36.990441000000054" lon="-3.985441999999995"><ele>885.262</ele><time>2023-04-08T12:49:09Z</time></trkpt><trkpt lat="36.990390000000055" lon="-3.985446999999995"><ele>885.253</ele><time>2023-04-08T12:49:13Z</time></trkpt><trkpt lat="36.990342000000055" lon="-3.9854619999999947"><ele>885.246</ele><time>2023-04-08T12:49:16Z</time></trkpt><trkpt lat="36.99029000000006" lon="-3.9854669999999945"><ele>885.288</ele><time>2023-04-08T12:49:19Z</time></trkpt><trkpt lat="36.99024200000006" lon="-3.9854749999999943"><ele>885.216</ele><time>2023-04-08T12:49:22Z</time></trkpt><trkpt lat="36.990187000000056" lon="-3.9854859999999945"><ele>885.409</ele><time>2023-04-08T12:49:25Z</time></trkpt><trkpt lat="36.99014600000005" lon="-3.9855219999999947"><ele>885.455</ele><time>2023-04-08T12:49:28Z</time></trkpt><trkpt lat="36.990094000000056" lon="-3.985548999999995"><ele>885.237</ele><time>2023-04-08T12:49:31Z</time></trkpt><trkpt lat="36.99004300000006" lon="-3.985568999999995"><ele>885.134</ele><time>2023-04-08T12:49:35Z</time></trkpt><trkpt lat="36.98999100000006" lon="-3.985586999999995"><ele>885.042</ele><time>2023-04-08T12:49:39Z</time></trkpt><trkpt lat="36.98993700000006" lon="-3.985602999999995"><ele>885.020</ele><time>2023-04-08T12:49:43Z</time></trkpt><trkpt lat="36.989877000000064" lon="-3.9856019999999948"><ele>885.035</ele><time>2023-04-08T12:49:47Z</time></trkpt><trkpt lat="36.98982100000006" lon="-3.985599999999995"><ele>885.184</ele><time>2023-04-08T12:49:51Z</time></trkpt><trkpt lat="36.98976600000006" lon="-3.985589999999995"><ele>885.012</ele><time>2023-04-08T12:49:55Z</time></trkpt><trkpt lat="36.98971500000006" lon="-3.985568999999995"><ele>884.753</ele><time>2023-04-08T12:50:00Z</time></trkpt><trkpt lat="36.98967000000006" lon="-3.985555999999995"><ele>884.031</ele><time>2023-04-08T12:50:07Z</time></trkpt><trkpt lat="36.98967200000006" lon="-3.985495999999995"><ele>883.661</ele><time>2023-04-08T12:50:31Z</time></trkpt><trkpt lat="36.98966100000006" lon="-3.985426999999995"><ele>883.807</ele><time>2023-04-08T12:51:12Z</time></trkpt><trkpt lat="36.98961300000006" lon="-3.985388999999995"><ele>883.909</ele><time>2023-04-08T12:51:16Z</time></trkpt><trkpt lat="36.98957100000006" lon="-3.985362999999995"><ele>883.764</ele><time>2023-04-08T12:51:19Z</time></trkpt><trkpt lat="36.98951600000006" lon="-3.985351999999995"><ele>883.626</ele><time>2023-04-08T12:51:23Z</time></trkpt><trkpt lat="36.98947000000006" lon="-3.985322999999995"><ele>883.153</ele><time>2023-04-08T12:51:27Z</time></trkpt><trkpt lat="36.989421000000064" lon="-3.985306999999995"><ele>882.941</ele><time>2023-04-08T12:51:32Z</time></trkpt><trkpt lat="36.98936900000007" lon="-3.9852899999999947"><ele>882.889</ele><time>2023-04-08T12:51:37Z</time></trkpt><trkpt lat="36.98931200000007" lon="-3.985290999999995"><ele>882.774</ele><time>2023-04-08T12:51:46Z</time></trkpt><trkpt lat="36.98926300000007" lon="-3.985278999999995"><ele>882.853</ele><time>2023-04-08T12:51:50Z</time></trkpt><trkpt lat="36.98920900000007" lon="-3.985259999999995"><ele>882.711</ele><time>2023-04-08T12:51:54Z</time></trkpt><trkpt lat="36.98915600000007" lon="-3.9852329999999947"><ele>882.712</ele><time>2023-04-08T12:51:58Z</time></trkpt><trkpt lat="36.989104000000076" lon="-3.9852109999999947"><ele>882.742</ele><time>2023-04-08T12:52:02Z</time></trkpt><trkpt lat="36.989065000000075" lon="-3.9851819999999947"><ele>882.922</ele><time>2023-04-08T12:52:05Z</time></trkpt><trkpt lat="36.98902200000008" lon="-3.985166999999995"><ele>882.914</ele><time>2023-04-08T12:52:09Z</time></trkpt><trkpt lat="36.98897900000008" lon="-3.985141999999995"><ele>883.009</ele><time>2023-04-08T12:52:12Z</time></trkpt><trkpt lat="36.98893300000008" lon="-3.985123999999995"><ele>883.115</ele><time>2023-04-08T12:52:15Z</time></trkpt><trkpt lat="36.98888600000008" lon="-3.985095999999995"><ele>883.147</ele><time>2023-04-08T12:52:18Z</time></trkpt><trkpt lat="36.98883700000008" lon="-3.985065999999995"><ele>883.184</ele><time>2023-04-08T12:52:22Z</time></trkpt><trkpt lat="36.988785000000085" lon="-3.985043999999995"><ele>883.132</ele><time>2023-04-08T12:52:26Z</time></trkpt><trkpt lat="36.988735000000084" lon="-3.985023999999995"><ele>883.320</ele><time>2023-04-08T12:52:30Z</time></trkpt><trkpt lat="36.98868200000008" lon="-3.9850169999999947"><ele>883.485</ele><time>2023-04-08T12:52:34Z</time></trkpt><trkpt lat="36.988639000000084" lon="-3.9849969999999946"><ele>883.564</ele><time>2023-04-08T12:52:37Z</time></trkpt><trkpt lat="36.988594000000084" lon="-3.9849749999999946"><ele>884.162</ele><time>2023-04-08T12:52:40Z</time></trkpt><trkpt lat="36.988546000000085" lon="-3.9849409999999947"><ele>884.353</ele><time>2023-04-08T12:52:43Z</time></trkpt><trkpt lat="36.988498000000085" lon="-3.9849109999999945"><ele>884.558</ele><time>2023-04-08T12:52:47Z</time></trkpt><trkpt lat="36.988450000000086" lon="-3.9848829999999946"><ele>884.752</ele><time>2023-04-08T12:52:51Z</time></trkpt><trkpt lat="36.98840100000009" lon="-3.984861999999995"><ele>885.017</ele><time>2023-04-08T12:52:55Z</time></trkpt><trkpt lat="36.988346000000085" lon="-3.9848349999999946"><ele>886.309</ele><time>2023-04-08T12:53:00Z</time></trkpt><trkpt lat="36.98830300000009" lon="-3.9848059999999945"><ele>886.456</ele><time>2023-04-08T12:53:03Z</time></trkpt><trkpt lat="36.98825700000009" lon="-3.9847979999999947"><ele>886.358</ele><time>2023-04-08T12:53:06Z</time></trkpt><trkpt lat="36.98820500000009" lon="-3.984782999999995"><ele>886.385</ele><time>2023-04-08T12:53:09Z</time></trkpt><trkpt lat="36.98815800000009" lon="-3.9847599999999948"><ele>886.263</ele><time>2023-04-08T12:53:12Z</time></trkpt><trkpt lat="36.98810800000009" lon="-3.984737999999995"><ele>886.231</ele><time>2023-04-08T12:53:17Z</time></trkpt><trkpt lat="36.98805900000009" lon="-3.9847149999999947"><ele>886.226</ele><time>2023-04-08T12:53:22Z</time></trkpt><trkpt lat="36.98801500000009" lon="-3.9846869999999948"><ele>886.655</ele><time>2023-04-08T12:53:26Z</time></trkpt><trkpt lat="36.98797000000009" lon="-3.9846759999999946"><ele>887.313</ele><time>2023-04-08T12:53:30Z</time></trkpt><trkpt lat="36.98791800000009" lon="-3.9846569999999946"><ele>887.714</ele><time>2023-04-08T12:53:35Z</time></trkpt><trkpt lat="36.987861000000095" lon="-3.9846419999999947"><ele>888.499</ele><time>2023-04-08T12:53:39Z</time></trkpt><trkpt lat="36.987807000000096" lon="-3.9846249999999945"><ele>888.907</ele><time>2023-04-08T12:53:43Z</time></trkpt><trkpt lat="36.9877580000001" lon="-3.9846099999999947"><ele>889.127</ele><time>2023-04-08T12:53:47Z</time></trkpt><trkpt lat="36.9877110000001" lon="-3.9845989999999945"><ele>889.409</ele><time>2023-04-08T12:53:51Z</time></trkpt><trkpt lat="36.987661000000095" lon="-3.9845779999999946"><ele>889.410</ele><time>2023-04-08T12:53:55Z</time></trkpt><trkpt lat="36.9876150000001" lon="-3.9845649999999946"><ele>889.512</ele><time>2023-04-08T12:53:58Z</time></trkpt><trkpt lat="36.987568000000095" lon="-3.9845369999999947"><ele>889.519</ele><time>2023-04-08T12:54:02Z</time></trkpt><trkpt lat="36.9875190000001" lon="-3.9845049999999946"><ele>889.587</ele><time>2023-04-08T12:54:06Z</time></trkpt><trkpt lat="36.9874650000001" lon="-3.984486999999995"><ele>889.575</ele><time>2023-04-08T12:54:10Z</time></trkpt><trkpt lat="36.9874180000001" lon="-3.984461999999995"><ele>889.660</ele><time>2023-04-08T12:54:14Z</time></trkpt><trkpt lat="36.987374000000095" lon="-3.984430999999995"><ele>889.699</ele><time>2023-04-08T12:54:18Z</time></trkpt><trkpt lat="36.987329000000095" lon="-3.984401999999995"><ele>889.817</ele><time>2023-04-08T12:54:22Z</time></trkpt><trkpt lat="36.98727400000009" lon="-3.9843849999999947"><ele>890.038</ele><time>2023-04-08T12:54:26Z</time></trkpt><trkpt lat="36.98722700000009" lon="-3.9843659999999947"><ele>890.298</ele><time>2023-04-08T12:54:30Z</time></trkpt><trkpt lat="36.987172000000086" lon="-3.9843399999999947"><ele>890.315</ele><time>2023-04-08T12:54:34Z</time></trkpt><trkpt lat="36.98712400000009" lon="-3.9843079999999946"><ele>890.426</ele><time>2023-04-08T12:54:38Z</time></trkpt><trkpt lat="36.987082000000086" lon="-3.9842779999999944"><ele>890.509</ele><time>2023-04-08T12:54:42Z</time></trkpt><trkpt lat="36.98703600000009" lon="-3.9842459999999944"><ele>890.540</ele><time>2023-04-08T12:54:46Z</time></trkpt><trkpt lat="36.98698700000009" lon="-3.9842099999999943"><ele>890.692</ele><time>2023-04-08T12:54:50Z</time></trkpt><trkpt lat="36.986941000000094" lon="-3.984163999999994"><ele>890.699</ele><time>2023-04-08T12:54:54Z</time></trkpt><trkpt lat="36.9869060000001" lon="-3.984126999999994"><ele>890.787</ele><time>2023-04-08T12:54:57Z</time></trkpt><trkpt lat="36.986859000000095" lon="-3.984087999999994"><ele>890.735</ele><time>2023-04-08T12:55:01Z</time></trkpt><trkpt lat="36.986811000000095" lon="-3.984051999999994"><ele>890.720</ele><time>2023-04-08T12:55:05Z</time></trkpt><trkpt lat="36.9867710000001" lon="-3.984022999999994"><ele>890.739</ele><time>2023-04-08T12:55:09Z</time></trkpt><trkpt lat="36.986727000000094" lon="-3.983984999999994"><ele>890.677</ele><time>2023-04-08T12:55:13Z</time></trkpt><trkpt lat="36.98667400000009" lon="-3.983960999999994"><ele>890.498</ele><time>2023-04-08T12:55:17Z</time></trkpt><trkpt lat="36.98661900000009" lon="-3.983930999999994"><ele>890.225</ele><time>2023-04-08T12:55:21Z</time></trkpt><trkpt lat="36.98656500000009" lon="-3.9839109999999938"><ele>890.326</ele><time>2023-04-08T12:55:26Z</time></trkpt><trkpt lat="36.98651000000009" lon="-3.9838969999999936"><ele>890.408</ele><time>2023-04-08T12:55:30Z</time></trkpt><trkpt lat="36.98646200000009" lon="-3.9838839999999935"><ele>890.709</ele><time>2023-04-08T12:55:34Z</time></trkpt><trkpt lat="36.98641700000009" lon="-3.9838829999999934"><ele>891.063</ele><time>2023-04-08T12:55:37Z</time></trkpt><trkpt lat="36.98636000000009" lon="-3.9838779999999936"><ele>891.055</ele><time>2023-04-08T12:55:41Z</time></trkpt><trkpt lat="36.98631000000009" lon="-3.983888999999994"><ele>890.962</ele><time>2023-04-08T12:55:45Z</time></trkpt><trkpt lat="36.98626000000009" lon="-3.983883999999994"><ele>890.850</ele><time>2023-04-08T12:55:50Z</time></trkpt><trkpt lat="36.98621700000009" lon="-3.983866999999994"><ele>890.878</ele><time>2023-04-08T12:55:54Z</time></trkpt><trkpt lat="36.98616900000009" lon="-3.983850999999994"><ele>890.833</ele><time>2023-04-08T12:55:59Z</time></trkpt><trkpt lat="36.98612300000009" lon="-3.9838499999999937"><ele>890.882</ele><time>2023-04-08T12:56:02Z</time></trkpt><trkpt lat="36.98606900000009" lon="-3.9838469999999937"><ele>890.860</ele><time>2023-04-08T12:56:05Z</time></trkpt><trkpt lat="36.98602400000009" lon="-3.983879999999994"><ele>890.971</ele><time>2023-04-08T12:56:10Z</time></trkpt><trkpt lat="36.985992000000095" lon="-3.983925999999994"><ele>891.072</ele><time>2023-04-08T12:56:15Z</time></trkpt><trkpt lat="36.985986000000096" lon="-3.983989999999994"><ele>891.013</ele><time>2023-04-08T12:56:19Z</time></trkpt><trkpt lat="36.9859960000001" lon="-3.9840579999999943"><ele>891.914</ele><time>2023-04-08T12:56:23Z</time></trkpt><trkpt lat="36.9860090000001" lon="-3.9841209999999943"><ele>891.909</ele><time>2023-04-08T12:56:27Z</time></trkpt><trkpt lat="36.986019000000105" lon="-3.984189999999994"><ele>891.938</ele><time>2023-04-08T12:56:37Z</time></trkpt><trkpt lat="36.986036000000105" lon="-3.984258999999994"><ele>891.620</ele><time>2023-04-08T12:56:42Z</time></trkpt><trkpt lat="36.986053000000105" lon="-3.984322999999994"><ele>891.757</ele><time>2023-04-08T12:56:50Z</time></trkpt><trkpt lat="36.986070000000105" lon="-3.9843749999999942"><ele>891.625</ele><time>2023-04-08T12:56:56Z</time></trkpt><trkpt lat="36.986092000000106" lon="-3.9844329999999943"><ele>891.683</ele><time>2023-04-08T12:57:02Z</time></trkpt><trkpt lat="36.98611600000011" lon="-3.9844929999999943"><ele>891.378</ele><time>2023-04-08T12:57:07Z</time></trkpt><trkpt lat="36.98614700000011" lon="-3.9845529999999942"><ele>891.757</ele><time>2023-04-08T12:57:12Z</time></trkpt><trkpt lat="36.98615800000011" lon="-3.9846209999999944"><ele>891.345</ele><time>2023-04-08T12:57:16Z</time></trkpt><trkpt lat="36.98618200000011" lon="-3.9846769999999943"><ele>891.736</ele><time>2023-04-08T12:57:20Z</time></trkpt><trkpt lat="36.986204000000114" lon="-3.984738999999994"><ele>891.337</ele><time>2023-04-08T12:57:24Z</time></trkpt><trkpt lat="36.98622000000012" lon="-3.984792999999994"><ele>891.349</ele><time>2023-04-08T12:57:29Z</time></trkpt><trkpt lat="36.986246000000115" lon="-3.984841999999994"><ele>891.313</ele><time>2023-04-08T12:57:33Z</time></trkpt><trkpt lat="36.986254000000116" lon="-3.984910999999994"><ele>891.409</ele><time>2023-04-08T12:57:38Z</time></trkpt><trkpt lat="36.98628200000012" lon="-3.984960999999994"><ele>891.774</ele><time>2023-04-08T12:57:42Z</time></trkpt><trkpt lat="36.98629600000012" lon="-3.985017999999994"><ele>892.036</ele><time>2023-04-08T12:57:46Z</time></trkpt><trkpt lat="36.98630400000012" lon="-3.985074999999994"><ele>892.063</ele><time>2023-04-08T12:57:50Z</time></trkpt><trkpt lat="36.98631400000012" lon="-3.985142999999994"><ele>892.011</ele><time>2023-04-08T12:57:54Z</time></trkpt><trkpt lat="36.98632600000012" lon="-3.9851979999999942"><ele>892.059</ele><time>2023-04-08T12:57:58Z</time></trkpt><trkpt lat="36.986330000000116" lon="-3.985260999999994"><ele>892.094</ele><time>2023-04-08T12:58:02Z</time></trkpt><trkpt lat="36.98630700000012" lon="-3.9853099999999944"><ele>892.113</ele><time>2023-04-08T12:58:06Z</time></trkpt><trkpt lat="36.98628100000012" lon="-3.9853699999999943"><ele>892.141</ele><time>2023-04-08T12:58:09Z</time></trkpt><trkpt lat="36.98626500000012" lon="-3.9854249999999944"><ele>892.322</ele><time>2023-04-08T12:58:13Z</time></trkpt><trkpt lat="36.986218000000115" lon="-3.9854429999999943"><ele>892.513</ele><time>2023-04-08T12:58:18Z</time></trkpt><trkpt lat="36.986173000000115" lon="-3.9854699999999945"><ele>893.343</ele><time>2023-04-08T12:58:23Z</time></trkpt><trkpt lat="36.98612700000012" lon="-3.9854769999999946"><ele>893.707</ele><time>2023-04-08T12:58:26Z</time></trkpt><trkpt lat="36.98607800000012" lon="-3.9854749999999948"><ele>893.909</ele><time>2023-04-08T12:58:31Z</time></trkpt><trkpt lat="36.98605200000012" lon="-3.9854239999999947"><ele>894.362</ele><time>2023-04-08T12:58:35Z</time></trkpt><trkpt lat="36.986037000000124" lon="-3.985367999999995"><ele>894.454</ele><time>2023-04-08T12:58:39Z</time></trkpt><trkpt lat="36.98602100000012" lon="-3.985309999999995"><ele>894.581</ele><time>2023-04-08T12:58:45Z</time></trkpt><trkpt lat="36.986014000000125" lon="-3.985249999999995"><ele>894.719</ele><time>2023-04-08T12:58:49Z</time></trkpt><trkpt lat="36.98598700000012" lon="-3.9852009999999947"><ele>894.757</ele><time>2023-04-08T12:58:53Z</time></trkpt><trkpt lat="36.98596400000012" lon="-3.985141999999995"><ele>894.882</ele><time>2023-04-08T12:58:58Z</time></trkpt><trkpt lat="36.985947000000124" lon="-3.9850839999999947"><ele>895.351</ele><time>2023-04-08T12:59:04Z</time></trkpt><trkpt lat="36.98593100000012" lon="-3.985023999999995"><ele>895.349</ele><time>2023-04-08T12:59:09Z</time></trkpt><trkpt lat="36.98590500000012" lon="-3.984976999999995"><ele>894.780</ele><time>2023-04-08T12:59:14Z</time></trkpt><trkpt lat="36.98589500000012" lon="-3.9849059999999947"><ele>895.234</ele><time>2023-04-08T12:59:20Z</time></trkpt><trkpt lat="36.98591600000012" lon="-3.9849619999999946"><ele>895.455</ele><time>2023-04-08T13:00:23Z</time></trkpt><trkpt lat="36.985889000000114" lon="-3.9849139999999945"><ele>895.310</ele><time>2023-04-08T13:02:04Z</time></trkpt><trkpt lat="36.985917000000114" lon="-3.9849589999999946"><ele>895.509</ele><time>2023-04-08T13:02:38Z</time></trkpt><trkpt lat="36.985936000000116" lon="-3.9850199999999947"><ele>895.554</ele><time>2023-04-08T13:02:48Z</time></trkpt><trkpt lat="36.98596100000012" lon="-3.985068999999995"><ele>895.686</ele><time>2023-04-08T13:02:52Z</time></trkpt><trkpt lat="36.985976000000115" lon="-3.985122999999995"><ele>895.423</ele><time>2023-04-08T13:02:57Z</time></trkpt><trkpt lat="36.98599400000011" lon="-3.985174999999995"><ele>895.491</ele><time>2023-04-08T13:03:01Z</time></trkpt><trkpt lat="36.98602200000011" lon="-3.985225999999995"><ele>895.359</ele><time>2023-04-08T13:03:04Z</time></trkpt><trkpt lat="36.98603900000011" lon="-3.985282999999995"><ele>895.264</ele><time>2023-04-08T13:03:07Z</time></trkpt><trkpt lat="36.98605100000011" lon="-3.985336999999995"><ele>895.263</ele><time>2023-04-08T13:03:14Z</time></trkpt><trkpt lat="36.98605500000011" lon="-3.985405999999995"><ele>895.211</ele><time>2023-04-08T13:03:20Z</time></trkpt><trkpt lat="36.986090000000104" lon="-3.985452999999995"><ele>895.172</ele><time>2023-04-08T13:03:27Z</time></trkpt><trkpt lat="36.986149000000104" lon="-3.985455999999995"><ele>895.163</ele><time>2023-04-08T13:03:32Z</time></trkpt><trkpt lat="36.9862030000001" lon="-3.9854299999999947"><ele>894.944</ele><time>2023-04-08T13:03:36Z</time></trkpt><trkpt lat="36.9862450000001" lon="-3.985395999999995"><ele>894.618</ele><time>2023-04-08T13:03:40Z</time></trkpt><trkpt lat="36.986292000000105" lon="-3.9853659999999946"><ele>894.409</ele><time>2023-04-08T13:03:44Z</time></trkpt><trkpt lat="36.986326000000105" lon="-3.985328999999995"><ele>894.137</ele><time>2023-04-08T13:03:47Z</time></trkpt><trkpt lat="36.9863410000001" lon="-3.9852679999999947"><ele>893.379</ele><time>2023-04-08T13:03:52Z</time></trkpt><trkpt lat="36.9863330000001" lon="-3.9851909999999946"><ele>893.096</ele><time>2023-04-08T13:03:56Z</time></trkpt><trkpt lat="36.9863240000001" lon="-3.9851179999999946"><ele>893.094</ele><time>2023-04-08T13:03:59Z</time></trkpt><trkpt lat="36.986317000000106" lon="-3.9850479999999946"><ele>892.322</ele><time>2023-04-08T13:04:04Z</time></trkpt><trkpt lat="36.986312000000105" lon="-3.9849849999999947"><ele>892.147</ele><time>2023-04-08T13:04:08Z</time></trkpt><trkpt lat="36.9863130000001" lon="-3.9849209999999946"><ele>891.716</ele><time>2023-04-08T13:04:13Z</time></trkpt><trkpt lat="36.9863000000001" lon="-3.9848529999999944"><ele>891.594</ele><time>2023-04-08T13:04:18Z</time></trkpt><trkpt lat="36.986290000000096" lon="-3.9847949999999943"><ele>891.345</ele><time>2023-04-08T13:04:22Z</time></trkpt><trkpt lat="36.9862720000001" lon="-3.984729999999994"><ele>891.112</ele><time>2023-04-08T13:04:26Z</time></trkpt><trkpt lat="36.9862660000001" lon="-3.984658999999994"><ele>889.632</ele><time>2023-04-08T13:04:31Z</time></trkpt><trkpt lat="36.9862690000001" lon="-3.984598999999994"><ele>889.305</ele><time>2023-04-08T13:04:35Z</time></trkpt><trkpt lat="36.9862810000001" lon="-3.984537999999994"><ele>889.209</ele><time>2023-04-08T13:04:39Z</time></trkpt><trkpt lat="36.9863220000001" lon="-3.984500999999994"><ele>888.982</ele><time>2023-04-08T13:04:43Z</time></trkpt><trkpt lat="36.9863670000001" lon="-3.984477999999994"><ele>888.414</ele><time>2023-04-08T13:04:48Z</time></trkpt><trkpt lat="36.9864120000001" lon="-3.984449999999994"><ele>888.451</ele><time>2023-04-08T13:05:03Z</time></trkpt><trkpt lat="36.9864610000001" lon="-3.984423999999994"><ele>888.499</ele><time>2023-04-08T13:05:06Z</time></trkpt><trkpt lat="36.9865080000001" lon="-3.984417999999994"><ele>888.577</ele><time>2023-04-08T13:05:09Z</time></trkpt><trkpt lat="36.9865640000001" lon="-3.9844289999999942"><ele>888.572</ele><time>2023-04-08T13:05:14Z</time></trkpt><trkpt lat="36.9866150000001" lon="-3.984436999999994"><ele>888.521</ele><time>2023-04-08T13:05:18Z</time></trkpt><trkpt lat="36.9866630000001" lon="-3.984459999999994"><ele>888.169</ele><time>2023-04-08T13:05:23Z</time></trkpt><trkpt lat="36.9867170000001" lon="-3.9844829999999942"><ele>887.940</ele><time>2023-04-08T13:05:30Z</time></trkpt><trkpt lat="36.9867620000001" lon="-3.9844899999999943"><ele>887.911</ele><time>2023-04-08T13:05:34Z</time></trkpt><trkpt lat="36.9868090000001" lon="-3.984520999999994"><ele>887.621</ele><time>2023-04-08T13:05:39Z</time></trkpt><trkpt lat="36.9868380000001" lon="-3.984579999999994"><ele>887.603</ele><time>2023-04-08T13:05:44Z</time></trkpt><trkpt lat="36.9868790000001" lon="-3.984616999999994"><ele>887.709</ele><time>2023-04-08T13:05:49Z</time></trkpt><trkpt lat="36.9869210000001" lon="-3.9846569999999937"><ele>887.622</ele><time>2023-04-08T13:05:53Z</time></trkpt><trkpt lat="36.9869610000001" lon="-3.984683999999994"><ele>887.594</ele><time>2023-04-08T13:05:59Z</time></trkpt><trkpt lat="36.9870010000001" lon="-3.984734999999994"><ele>887.441</ele><time>2023-04-08T13:06:05Z</time></trkpt><trkpt lat="36.9870480000001" lon="-3.984766999999994"><ele>887.349</ele><time>2023-04-08T13:06:10Z</time></trkpt><trkpt lat="36.9870910000001" lon="-3.984794999999994"><ele>887.357</ele><time>2023-04-08T13:06:14Z</time></trkpt><trkpt lat="36.9871480000001" lon="-3.984826999999994"><ele>887.292</ele><time>2023-04-08T13:06:18Z</time></trkpt><trkpt lat="36.987191000000095" lon="-3.984855999999994"><ele>887.191</ele><time>2023-04-08T13:06:21Z</time></trkpt><trkpt lat="36.98724300000009" lon="-3.984880999999994"><ele>887.169</ele><time>2023-04-08T13:06:24Z</time></trkpt><trkpt lat="36.98729600000009" lon="-3.984892999999994"><ele>887.330</ele><time>2023-04-08T13:06:28Z</time></trkpt><trkpt lat="36.987349000000094" lon="-3.984909999999994"><ele>887.157</ele><time>2023-04-08T13:06:31Z</time></trkpt><trkpt lat="36.987405000000095" lon="-3.984927999999994"><ele>887.000</ele><time>2023-04-08T13:06:34Z</time></trkpt><trkpt lat="36.987461000000096" lon="-3.984931999999994"><ele>887.020</ele><time>2023-04-08T13:06:37Z</time></trkpt><trkpt lat="36.987506000000096" lon="-3.984937999999994"><ele>887.109</ele><time>2023-04-08T13:06:41Z</time></trkpt><trkpt lat="36.98755200000009" lon="-3.984943999999994"><ele>887.176</ele><time>2023-04-08T13:06:44Z</time></trkpt><trkpt lat="36.98761100000009" lon="-3.984957999999994"><ele>887.028</ele><time>2023-04-08T13:06:47Z</time></trkpt><trkpt lat="36.987664000000095" lon="-3.984969999999994"><ele>887.065</ele><time>2023-04-08T13:06:50Z</time></trkpt><trkpt lat="36.987709000000095" lon="-3.9849879999999938"><ele>886.953</ele><time>2023-04-08T13:06:53Z</time></trkpt><trkpt lat="36.987762000000096" lon="-3.9849929999999936"><ele>886.131</ele><time>2023-04-08T13:06:58Z</time></trkpt><trkpt lat="36.9878060000001" lon="-3.9850299999999934"><ele>885.916</ele><time>2023-04-08T13:07:03Z</time></trkpt><trkpt lat="36.9878600000001" lon="-3.9850549999999934"><ele>885.745</ele><time>2023-04-08T13:07:08Z</time></trkpt><trkpt lat="36.987909000000094" lon="-3.9850809999999934"><ele>885.753</ele><time>2023-04-08T13:07:12Z</time></trkpt><trkpt lat="36.987951000000095" lon="-3.9851249999999934"><ele>885.524</ele><time>2023-04-08T13:07:17Z</time></trkpt><trkpt lat="36.98800300000009" lon="-3.9851379999999934"><ele>885.456</ele><time>2023-04-08T13:07:21Z</time></trkpt><trkpt lat="36.98805100000009" lon="-3.9851379999999934"><ele>885.259</ele><time>2023-04-08T13:07:24Z</time></trkpt><trkpt lat="36.98811000000009" lon="-3.9851409999999934"><ele>885.014</ele><time>2023-04-08T13:07:28Z</time></trkpt><trkpt lat="36.98816000000009" lon="-3.9851449999999935"><ele>884.709</ele><time>2023-04-08T13:07:32Z</time></trkpt><trkpt lat="36.98821200000009" lon="-3.9851589999999937"><ele>884.656</ele><time>2023-04-08T13:07:37Z</time></trkpt><trkpt lat="36.98827000000009" lon="-3.9851639999999935"><ele>884.568</ele><time>2023-04-08T13:07:40Z</time></trkpt><trkpt lat="36.98831900000009" lon="-3.9851659999999933"><ele>884.485</ele><time>2023-04-08T13:07:43Z</time></trkpt><trkpt lat="36.98836700000009" lon="-3.9851789999999934"><ele>884.493</ele><time>2023-04-08T13:07:46Z</time></trkpt><trkpt lat="36.98841500000009" lon="-3.9851979999999934"><ele>884.491</ele><time>2023-04-08T13:07:49Z</time></trkpt><trkpt lat="36.98846000000009" lon="-3.9852099999999933"><ele>884.496</ele><time>2023-04-08T13:07:52Z</time></trkpt><trkpt lat="36.98851600000009" lon="-3.9852269999999934"><ele>884.325</ele><time>2023-04-08T13:07:57Z</time></trkpt><trkpt lat="36.98856000000009" lon="-3.9852629999999936"><ele>884.393</ele><time>2023-04-08T13:08:01Z</time></trkpt><trkpt lat="36.98860200000009" lon="-3.9852919999999936"><ele>884.284</ele><time>2023-04-08T13:08:04Z</time></trkpt><trkpt lat="36.988646000000095" lon="-3.9853239999999936"><ele>884.232</ele><time>2023-04-08T13:08:08Z</time></trkpt><trkpt lat="36.9886930000001" lon="-3.985353999999994"><ele>884.292</ele><time>2023-04-08T13:08:12Z</time></trkpt><trkpt lat="36.988742000000094" lon="-3.985382999999994"><ele>884.211</ele><time>2023-04-08T13:08:16Z</time></trkpt><trkpt lat="36.9887860000001" lon="-3.985415999999994"><ele>884.309</ele><time>2023-04-08T13:08:20Z</time></trkpt><trkpt lat="36.9888340000001" lon="-3.985443999999994"><ele>884.314</ele><time>2023-04-08T13:08:24Z</time></trkpt><trkpt lat="36.988885000000096" lon="-3.985460999999994"><ele>884.366</ele><time>2023-04-08T13:08:28Z</time></trkpt><trkpt lat="36.988930000000096" lon="-3.985473999999994"><ele>884.363</ele><time>2023-04-08T13:08:32Z</time></trkpt><trkpt lat="36.9889800000001" lon="-3.9854909999999943"><ele>884.341</ele><time>2023-04-08T13:08:36Z</time></trkpt><trkpt lat="36.9890330000001" lon="-3.985511999999994"><ele>884.159</ele><time>2023-04-08T13:08:40Z</time></trkpt><trkpt lat="36.9890810000001" lon="-3.9855389999999944"><ele>884.424</ele><time>2023-04-08T13:08:44Z</time></trkpt><trkpt lat="36.989127000000096" lon="-3.9855639999999943"><ele>884.353</ele><time>2023-04-08T13:08:48Z</time></trkpt><trkpt lat="36.9891740000001" lon="-3.9855779999999945"><ele>884.391</ele><time>2023-04-08T13:08:52Z</time></trkpt><trkpt lat="36.989223000000095" lon="-3.9855899999999944"><ele>884.142</ele><time>2023-04-08T13:08:56Z</time></trkpt><trkpt lat="36.989268000000095" lon="-3.9856259999999946"><ele>884.047</ele><time>2023-04-08T13:09:01Z</time></trkpt><trkpt lat="36.9893120000001" lon="-3.9856439999999944"><ele>884.029</ele><time>2023-04-08T13:09:05Z</time></trkpt><trkpt lat="36.989361000000095" lon="-3.9856349999999945"><ele>884.021</ele><time>2023-04-08T13:09:09Z</time></trkpt><trkpt lat="36.9894160000001" lon="-3.9856339999999943"><ele>884.009</ele><time>2023-04-08T13:09:13Z</time></trkpt><trkpt lat="36.9894640000001" lon="-3.9856259999999946"><ele>884.065</ele><time>2023-04-08T13:09:17Z</time></trkpt><trkpt lat="36.9895200000001" lon="-3.9856259999999946"><ele>883.887</ele><time>2023-04-08T13:09:21Z</time></trkpt><trkpt lat="36.9895780000001" lon="-3.9856349999999945"><ele>884.044</ele><time>2023-04-08T13:09:25Z</time></trkpt><trkpt lat="36.989636000000104" lon="-3.9856469999999944"><ele>884.322</ele><time>2023-04-08T13:09:29Z</time></trkpt><trkpt lat="36.9896840000001" lon="-3.9856509999999945"><ele>884.560</ele><time>2023-04-08T13:09:32Z</time></trkpt><trkpt lat="36.989731000000106" lon="-3.9856509999999945"><ele>884.975</ele><time>2023-04-08T13:09:35Z</time></trkpt><trkpt lat="36.98978600000011" lon="-3.9856439999999944"><ele>885.224</ele><time>2023-04-08T13:09:38Z</time></trkpt><trkpt lat="36.98984200000011" lon="-3.9856189999999945"><ele>885.412</ele><time>2023-04-08T13:09:41Z</time></trkpt><trkpt lat="36.98989900000011" lon="-3.9855999999999945"><ele>885.833</ele><time>2023-04-08T13:09:44Z</time></trkpt><trkpt lat="36.98994400000011" lon="-3.9855919999999947"><ele>885.872</ele><time>2023-04-08T13:09:46Z</time></trkpt><trkpt lat="36.98999800000011" lon="-3.9855859999999947"><ele>885.813</ele><time>2023-04-08T13:09:49Z</time></trkpt><trkpt lat="36.99005300000011" lon="-3.985577999999995"><ele>885.714</ele><time>2023-04-08T13:09:53Z</time></trkpt><trkpt lat="36.99011200000011" lon="-3.985576999999995"><ele>885.609</ele><time>2023-04-08T13:09:57Z</time></trkpt><trkpt lat="36.99016700000011" lon="-3.9855759999999947"><ele>885.698</ele><time>2023-04-08T13:10:01Z</time></trkpt><trkpt lat="36.990231000000115" lon="-3.9855499999999946"><ele>885.620</ele><time>2023-04-08T13:10:05Z</time></trkpt><trkpt lat="36.990279000000115" lon="-3.9855379999999947"><ele>885.677</ele><time>2023-04-08T13:10:08Z</time></trkpt><trkpt lat="36.990332000000116" lon="-3.985535999999995"><ele>885.775</ele><time>2023-04-08T13:10:12Z</time></trkpt><trkpt lat="36.990383000000115" lon="-3.9855439999999946"><ele>885.723</ele><time>2023-04-08T13:10:16Z</time></trkpt><trkpt lat="36.990437000000114" lon="-3.985541999999995"><ele>885.748</ele><time>2023-04-08T13:10:19Z</time></trkpt><trkpt lat="36.99049400000011" lon="-3.985542999999995"><ele>885.767</ele><time>2023-04-08T13:10:23Z</time></trkpt><trkpt lat="36.99054000000011" lon="-3.985535999999995"><ele>885.755</ele><time>2023-04-08T13:10:26Z</time></trkpt><trkpt lat="36.99058800000011" lon="-3.9855379999999947"><ele>885.756</ele><time>2023-04-08T13:10:29Z</time></trkpt><trkpt lat="36.99063400000011" lon="-3.9855429999999945"><ele>885.777</ele><time>2023-04-08T13:10:32Z</time></trkpt><trkpt lat="36.990680000000104" lon="-3.9855569999999947"><ele>885.661</ele><time>2023-04-08T13:10:35Z</time></trkpt><trkpt lat="36.9907320000001" lon="-3.9855729999999947"><ele>885.527</ele><time>2023-04-08T13:10:38Z</time></trkpt><trkpt lat="36.990787000000104" lon="-3.9855879999999946"><ele>885.409</ele><time>2023-04-08T13:10:41Z</time></trkpt><trkpt lat="36.99083100000011" lon="-3.9856109999999947"><ele>885.338</ele><time>2023-04-08T13:10:44Z</time></trkpt><trkpt lat="36.990877000000104" lon="-3.9856349999999945"><ele>885.380</ele><time>2023-04-08T13:10:47Z</time></trkpt><trkpt lat="36.9909260000001" lon="-3.9856749999999943"><ele>885.027</ele><time>2023-04-08T13:10:51Z</time></trkpt><trkpt lat="36.9909770000001" lon="-3.9857029999999942"><ele>884.875</ele><time>2023-04-08T13:10:55Z</time></trkpt><trkpt lat="36.9910280000001" lon="-3.9857359999999944"><ele>884.893</ele><time>2023-04-08T13:10:59Z</time></trkpt><trkpt lat="36.9910660000001" lon="-3.9857809999999945"><ele>884.788</ele><time>2023-04-08T13:11:03Z</time></trkpt><trkpt lat="36.991102000000105" lon="-3.9858159999999945"><ele>884.887</ele><time>2023-04-08T13:11:06Z</time></trkpt><trkpt lat="36.99114300000011" lon="-3.9858409999999944"><ele>885.095</ele><time>2023-04-08T13:11:10Z</time></trkpt><trkpt lat="36.991197000000106" lon="-3.9858629999999944"><ele>885.316</ele><time>2023-04-08T13:11:14Z</time></trkpt><trkpt lat="36.9912460000001" lon="-3.9858849999999943"><ele>885.697</ele><time>2023-04-08T13:11:19Z</time></trkpt><trkpt lat="36.9912950000001" lon="-3.9859099999999943"><ele>886.123</ele><time>2023-04-08T13:11:23Z</time></trkpt><trkpt lat="36.991333000000104" lon="-3.9859449999999943"><ele>886.425</ele><time>2023-04-08T13:11:27Z</time></trkpt><trkpt lat="36.99137400000011" lon="-3.9859779999999945"><ele>886.709</ele><time>2023-04-08T13:11:31Z</time></trkpt><trkpt lat="36.99141300000011" lon="-3.9860279999999944"><ele>886.710</ele><time>2023-04-08T13:11:36Z</time></trkpt><trkpt lat="36.991459000000106" lon="-3.9860629999999944"><ele>886.772</ele><time>2023-04-08T13:11:40Z</time></trkpt><trkpt lat="36.9914910000001" lon="-3.9861199999999943"><ele>886.439</ele><time>2023-04-08T13:11:44Z</time></trkpt><trkpt lat="36.9915330000001" lon="-3.9861709999999944"><ele>885.427</ele><time>2023-04-08T13:11:49Z</time></trkpt><trkpt lat="36.9915780000001" lon="-3.986210999999994"><ele>884.835</ele><time>2023-04-08T13:11:53Z</time></trkpt><trkpt lat="36.991628000000105" lon="-3.9862439999999943"><ele>884.530</ele><time>2023-04-08T13:11:57Z</time></trkpt><trkpt lat="36.991673000000105" lon="-3.986280999999994"><ele>884.019</ele><time>2023-04-08T13:12:01Z</time></trkpt><trkpt lat="36.99172800000011" lon="-3.986315999999994"><ele>883.487</ele><time>2023-04-08T13:12:05Z</time></trkpt><trkpt lat="36.99177200000011" lon="-3.9863579999999943"><ele>883.368</ele><time>2023-04-08T13:12:09Z</time></trkpt><trkpt lat="36.99180900000011" lon="-3.986397999999994"><ele>882.889</ele><time>2023-04-08T13:12:12Z</time></trkpt><trkpt lat="36.99185000000011" lon="-3.986429999999994"><ele>882.706</ele><time>2023-04-08T13:12:15Z</time></trkpt><trkpt lat="36.99189300000011" lon="-3.9864529999999943"><ele>882.726</ele><time>2023-04-08T13:12:18Z</time></trkpt><trkpt lat="36.99194400000011" lon="-3.9864909999999942"><ele>882.709</ele><time>2023-04-08T13:12:22Z</time></trkpt><trkpt lat="36.99198800000011" lon="-3.986508999999994"><ele>882.929</ele><time>2023-04-08T13:12:25Z</time></trkpt><trkpt lat="36.992041000000114" lon="-3.9865389999999943"><ele>883.311</ele><time>2023-04-08T13:12:29Z</time></trkpt><trkpt lat="36.99209500000011" lon="-3.9865459999999944"><ele>883.638</ele><time>2023-04-08T13:12:33Z</time></trkpt><trkpt lat="36.99214100000011" lon="-3.9865409999999946"><ele>883.816</ele><time>2023-04-08T13:12:36Z</time></trkpt><trkpt lat="36.99218800000011" lon="-3.9865489999999943"><ele>883.994</ele><time>2023-04-08T13:12:39Z</time></trkpt><trkpt lat="36.992241000000114" lon="-3.9865579999999943"><ele>883.999</ele><time>2023-04-08T13:12:42Z</time></trkpt><trkpt lat="36.99229500000011" lon="-3.986553999999994"><ele>883.928</ele><time>2023-04-08T13:12:45Z</time></trkpt><trkpt lat="36.99234400000011" lon="-3.986556999999994"><ele>883.926</ele><time>2023-04-08T13:12:48Z</time></trkpt><trkpt lat="36.99241100000011" lon="-3.9865609999999942"><ele>883.977</ele><time>2023-04-08T13:12:52Z</time></trkpt><trkpt lat="36.99246900000011" lon="-3.986568999999994"><ele>884.199</ele><time>2023-04-08T13:12:55Z</time></trkpt><trkpt lat="36.99253100000011" lon="-3.986566999999994"><ele>884.207</ele><time>2023-04-08T13:12:58Z</time></trkpt><trkpt lat="36.99259000000011" lon="-3.9865519999999943"><ele>884.227</ele><time>2023-04-08T13:13:01Z</time></trkpt><trkpt lat="36.992646000000114" lon="-3.9865389999999943"><ele>884.209</ele><time>2023-04-08T13:13:04Z</time></trkpt><trkpt lat="36.992694000000114" lon="-3.9865179999999945"><ele>884.170</ele><time>2023-04-08T13:13:07Z</time></trkpt><trkpt lat="36.99274600000011" lon="-3.9864969999999946"><ele>884.242</ele><time>2023-04-08T13:13:11Z</time></trkpt><trkpt lat="36.99280000000011" lon="-3.9864649999999946"><ele>884.379</ele><time>2023-04-08T13:13:15Z</time></trkpt><trkpt lat="36.99283400000011" lon="-3.9864229999999945"><ele>884.447</ele><time>2023-04-08T13:13:18Z</time></trkpt><trkpt lat="36.99286800000011" lon="-3.9863729999999946"><ele>885.095</ele><time>2023-04-08T13:13:21Z</time></trkpt><trkpt lat="36.99290400000011" lon="-3.9863339999999945"><ele>885.360</ele><time>2023-04-08T13:13:24Z</time></trkpt><trkpt lat="36.99295400000011" lon="-3.9863029999999946"><ele>885.439</ele><time>2023-04-08T13:13:28Z</time></trkpt><trkpt lat="36.99300300000011" lon="-3.9862959999999945"><ele>885.447</ele><time>2023-04-08T13:13:34Z</time></trkpt><trkpt lat="36.99306400000011" lon="-3.9863109999999944"><ele>885.278</ele><time>2023-04-08T13:13:38Z</time></trkpt><trkpt lat="36.99311600000011" lon="-3.9863169999999943"><ele>885.168</ele><time>2023-04-08T13:13:42Z</time></trkpt><trkpt lat="36.99316100000011" lon="-3.9862979999999943"><ele>884.942</ele><time>2023-04-08T13:13:46Z</time></trkpt><trkpt lat="36.99321400000011" lon="-3.9862979999999943"><ele>884.626</ele><time>2023-04-08T13:13:51Z</time></trkpt><trkpt lat="36.99326800000011" lon="-3.9863209999999945"><ele>884.509</ele><time>2023-04-08T13:13:55Z</time></trkpt><trkpt lat="36.99331500000011" lon="-3.9863419999999943"><ele>884.177</ele><time>2023-04-08T13:13:59Z</time></trkpt><trkpt lat="36.99335600000011" lon="-3.9863749999999945"><ele>883.829</ele><time>2023-04-08T13:14:03Z</time></trkpt><trkpt lat="36.993394000000116" lon="-3.9864169999999945"><ele>883.476</ele><time>2023-04-08T13:14:07Z</time></trkpt><trkpt lat="36.99343800000012" lon="-3.9864459999999946"><ele>883.334</ele><time>2023-04-08T13:14:11Z</time></trkpt><trkpt lat="36.99349200000012" lon="-3.9864829999999944"><ele>883.232</ele><time>2023-04-08T13:14:15Z</time></trkpt><trkpt lat="36.993541000000114" lon="-3.9865129999999946"><ele>883.147</ele><time>2023-04-08T13:14:19Z</time></trkpt><trkpt lat="36.993575000000114" lon="-3.9865509999999946"><ele>882.846</ele><time>2023-04-08T13:14:22Z</time></trkpt><trkpt lat="36.99363200000011" lon="-3.986564999999995"><ele>882.434</ele><time>2023-04-08T13:14:25Z</time></trkpt><trkpt lat="36.993676000000114" lon="-3.9865799999999947"><ele>882.325</ele><time>2023-04-08T13:14:28Z</time></trkpt><trkpt lat="36.99372700000011" lon="-3.9866059999999948"><ele>882.397</ele><time>2023-04-08T13:14:32Z</time></trkpt><trkpt lat="36.99377600000011" lon="-3.9866209999999946"><ele>882.323</ele><time>2023-04-08T13:14:35Z</time></trkpt><trkpt lat="36.99383000000011" lon="-3.9866179999999947"><ele>882.525</ele><time>2023-04-08T13:14:38Z</time></trkpt><trkpt lat="36.99387600000011" lon="-3.9866109999999946"><ele>882.609</ele><time>2023-04-08T13:14:41Z</time></trkpt><trkpt lat="36.993924000000106" lon="-3.9865979999999945"><ele>882.850</ele><time>2023-04-08T13:14:44Z</time></trkpt><trkpt lat="36.9939760000001" lon="-3.9865959999999947"><ele>883.112</ele><time>2023-04-08T13:14:47Z</time></trkpt><trkpt lat="36.9940330000001" lon="-3.986590999999995"><ele>883.189</ele><time>2023-04-08T13:14:51Z</time></trkpt><trkpt lat="36.9940840000001" lon="-3.986583999999995"><ele>883.147</ele><time>2023-04-08T13:14:56Z</time></trkpt><trkpt lat="36.9941310000001" lon="-3.986562999999995"><ele>883.135</ele><time>2023-04-08T13:15:00Z</time></trkpt><trkpt lat="36.9941800000001" lon="-3.986528999999995"><ele>883.090</ele><time>2023-04-08T13:15:04Z</time></trkpt><trkpt lat="36.9942250000001" lon="-3.9865079999999953"><ele>882.919</ele><time>2023-04-08T13:15:08Z</time></trkpt><trkpt lat="36.9942710000001" lon="-3.9864959999999954"><ele>882.817</ele><time>2023-04-08T13:15:11Z</time></trkpt><trkpt lat="36.9943180000001" lon="-3.9864809999999955"><ele>882.858</ele><time>2023-04-08T13:15:15Z</time></trkpt><trkpt lat="36.9943630000001" lon="-3.9864789999999957"><ele>882.647</ele><time>2023-04-08T13:15:19Z</time></trkpt><trkpt lat="36.994415000000096" lon="-3.9864749999999955"><ele>882.529</ele><time>2023-04-08T13:15:23Z</time></trkpt><trkpt lat="36.994463000000096" lon="-3.9864809999999955"><ele>882.421</ele><time>2023-04-08T13:15:26Z</time></trkpt><trkpt lat="36.994514000000095" lon="-3.9864859999999953"><ele>882.309</ele><time>2023-04-08T13:15:29Z</time></trkpt><trkpt lat="36.9945610000001" lon="-3.9864949999999952"><ele>882.475</ele><time>2023-04-08T13:15:32Z</time></trkpt><trkpt lat="36.994618000000095" lon="-3.986502999999995"><ele>882.577</ele><time>2023-04-08T13:15:36Z</time></trkpt><trkpt lat="36.994663000000095" lon="-3.986519999999995"><ele>882.524</ele><time>2023-04-08T13:15:39Z</time></trkpt><trkpt lat="36.9947100000001" lon="-3.9865589999999953"><ele>883.022</ele><time>2023-04-08T13:15:43Z</time></trkpt><trkpt lat="36.994756000000095" lon="-3.986586999999995"><ele>883.220</ele><time>2023-04-08T13:15:47Z</time></trkpt><trkpt lat="36.994806000000096" lon="-3.9866129999999953"><ele>883.525</ele><time>2023-04-08T13:15:51Z</time></trkpt><trkpt lat="36.994860000000095" lon="-3.9866259999999953"><ele>883.564</ele><time>2023-04-08T13:15:57Z</time></trkpt><trkpt lat="36.9949070000001" lon="-3.9866189999999952"><ele>883.852</ele><time>2023-04-08T13:16:00Z</time></trkpt><trkpt lat="36.994961000000096" lon="-3.986627999999995"><ele>883.933</ele><time>2023-04-08T13:16:04Z</time></trkpt><trkpt lat="36.9950140000001" lon="-3.986633999999995"><ele>883.914</ele><time>2023-04-08T13:16:08Z</time></trkpt><trkpt lat="36.995066000000094" lon="-3.986661999999995"><ele>883.854</ele><time>2023-04-08T13:16:12Z</time></trkpt><trkpt lat="36.99511200000009" lon="-3.986673999999995"><ele>883.409</ele><time>2023-04-08T13:16:15Z</time></trkpt><trkpt lat="36.99515800000009" lon="-3.986692999999995"><ele>883.309</ele><time>2023-04-08T13:16:19Z</time></trkpt><trkpt lat="36.99520200000009" lon="-3.986720999999995"><ele>883.152</ele><time>2023-04-08T13:16:22Z</time></trkpt><trkpt lat="36.99523900000009" lon="-3.986758999999995"><ele>882.984</ele><time>2023-04-08T13:16:25Z</time></trkpt><trkpt lat="36.99526900000009" lon="-3.986807999999995"><ele>882.671</ele><time>2023-04-08T13:16:29Z</time></trkpt><trkpt lat="36.99531400000009" lon="-3.986823999999995"><ele>881.999</ele><time>2023-04-08T13:16:32Z</time></trkpt><trkpt lat="36.99537400000009" lon="-3.986833999999995"><ele>881.457</ele><time>2023-04-08T13:16:36Z</time></trkpt><trkpt lat="36.99542800000009" lon="-3.986838999999995"><ele>880.922</ele><time>2023-04-08T13:16:39Z</time></trkpt><trkpt lat="36.995494000000086" lon="-3.986845999999995"><ele>880.871</ele><time>2023-04-08T13:16:42Z</time></trkpt><trkpt lat="36.995545000000085" lon="-3.986861999999995"><ele>880.819</ele><time>2023-04-08T13:16:45Z</time></trkpt><trkpt lat="36.99559100000008" lon="-3.986876999999995"><ele>880.950</ele><time>2023-04-08T13:16:48Z</time></trkpt><trkpt lat="36.995624000000085" lon="-3.9869299999999948"><ele>881.086</ele><time>2023-04-08T13:16:52Z</time></trkpt><trkpt lat="36.995666000000085" lon="-3.986961999999995"><ele>881.360</ele><time>2023-04-08T13:16:58Z</time></trkpt><trkpt lat="36.99571000000009" lon="-3.986990999999995"><ele>881.426</ele><time>2023-04-08T13:17:02Z</time></trkpt><trkpt lat="36.995762000000084" lon="-3.987015999999995"><ele>882.209</ele><time>2023-04-08T13:17:06Z</time></trkpt><trkpt lat="36.99580900000009" lon="-3.987042999999995"><ele>883.689</ele><time>2023-04-08T13:17:12Z</time></trkpt><trkpt lat="36.995855000000084" lon="-3.987060999999995"><ele>885.361</ele><time>2023-04-08T13:17:17Z</time></trkpt><trkpt lat="36.99590700000008" lon="-3.987054999999995"><ele>885.358</ele><time>2023-04-08T13:17:22Z</time></trkpt><trkpt lat="36.99596900000008" lon="-3.987061999999995"><ele>885.446</ele><time>2023-04-08T13:17:26Z</time></trkpt><trkpt lat="36.99602000000008" lon="-3.987049999999995"><ele>885.224</ele><time>2023-04-08T13:17:29Z</time></trkpt><trkpt lat="36.99607300000008" lon="-3.987038999999995"><ele>883.969</ele><time>2023-04-08T13:17:32Z</time></trkpt><trkpt lat="36.996128000000084" lon="-3.987028999999995"><ele>883.118</ele><time>2023-04-08T13:17:36Z</time></trkpt><trkpt lat="36.99618800000008" lon="-3.9870409999999947"><ele>882.686</ele><time>2023-04-08T13:17:39Z</time></trkpt><trkpt lat="36.99623800000008" lon="-3.9870409999999947"><ele>882.247</ele><time>2023-04-08T13:17:42Z</time></trkpt><trkpt lat="36.99628400000008" lon="-3.9870529999999946"><ele>882.094</ele><time>2023-04-08T13:17:45Z</time></trkpt><trkpt lat="36.99634400000008" lon="-3.9870579999999944"><ele>882.057</ele><time>2023-04-08T13:17:49Z</time></trkpt><trkpt lat="36.996390000000076" lon="-3.9870659999999942"><ele>881.922</ele><time>2023-04-08T13:17:53Z</time></trkpt><trkpt lat="36.99644500000008" lon="-3.9870509999999943"><ele>881.909</ele><time>2023-04-08T13:17:58Z</time></trkpt><trkpt lat="36.99649900000008" lon="-3.987049999999994"><ele>881.940</ele><time>2023-04-08T13:18:02Z</time></trkpt><trkpt lat="36.99652600000008" lon="-3.987103999999994"><ele>881.932</ele><time>2023-04-08T13:18:07Z</time></trkpt><trkpt lat="36.99655900000008" lon="-3.9871529999999944"><ele>882.059</ele><time>2023-04-08T13:18:10Z</time></trkpt><trkpt lat="36.996623000000085" lon="-3.9871599999999945"><ele>882.167</ele><time>2023-04-08T13:18:14Z</time></trkpt><trkpt lat="36.99667800000009" lon="-3.9871579999999947"><ele>882.355</ele><time>2023-04-08T13:18:18Z</time></trkpt><trkpt lat="36.99672800000009" lon="-3.9871469999999944"><ele>884.260</ele><time>2023-04-08T13:18:22Z</time></trkpt><trkpt lat="36.99678100000009" lon="-3.9871589999999943"><ele>887.069</ele><time>2023-04-08T13:18:27Z</time></trkpt><trkpt lat="36.99683200000009" lon="-3.987157999999994"><ele>887.897</ele><time>2023-04-08T13:18:32Z</time></trkpt><trkpt lat="36.99687500000009" lon="-3.9871359999999942"><ele>888.178</ele><time>2023-04-08T13:18:36Z</time></trkpt><trkpt lat="36.99691900000009" lon="-3.987150999999994"><ele>888.874</ele><time>2023-04-08T13:18:39Z</time></trkpt><trkpt lat="36.99696600000009" lon="-3.987163999999994"><ele>888.956</ele><time>2023-04-08T13:18:42Z</time></trkpt><trkpt lat="36.99701400000009" lon="-3.987185999999994"><ele>889.221</ele><time>2023-04-08T13:18:45Z</time></trkpt><trkpt lat="36.997067000000094" lon="-3.987182999999994"><ele>889.809</ele><time>2023-04-08T13:18:48Z</time></trkpt><trkpt lat="36.997111000000096" lon="-3.987171999999994"><ele>889.928</ele><time>2023-04-08T13:18:51Z</time></trkpt><trkpt lat="36.997165000000095" lon="-3.987180999999994"><ele>890.280</ele><time>2023-04-08T13:18:55Z</time></trkpt><trkpt lat="36.997207000000095" lon="-3.987219999999994"><ele>890.417</ele><time>2023-04-08T13:18:59Z</time></trkpt><trkpt lat="36.997261000000094" lon="-3.987243999999994"><ele>890.765</ele><time>2023-04-08T13:19:03Z</time></trkpt><trkpt lat="36.99730400000009" lon="-3.987263999999994"><ele>891.113</ele><time>2023-04-08T13:19:06Z</time></trkpt><trkpt lat="36.99735300000009" lon="-3.987279999999994"><ele>891.318</ele><time>2023-04-08T13:19:10Z</time></trkpt><trkpt lat="36.99740800000009" lon="-3.987285999999994"><ele>891.827</ele><time>2023-04-08T13:19:15Z</time></trkpt><trkpt lat="36.99745300000009" lon="-3.9872499999999937"><ele>892.935</ele><time>2023-04-08T13:19:19Z</time></trkpt><trkpt lat="36.99749800000009" lon="-3.987224999999994"><ele>893.416</ele><time>2023-04-08T13:19:22Z</time></trkpt><trkpt lat="36.99754300000009" lon="-3.9872139999999936"><ele>894.278</ele><time>2023-04-08T13:19:25Z</time></trkpt><trkpt lat="36.99759700000009" lon="-3.9871869999999934"><ele>894.333</ele><time>2023-04-08T13:19:29Z</time></trkpt><trkpt lat="36.99764800000009" lon="-3.9871479999999933"><ele>894.526</ele><time>2023-04-08T13:19:33Z</time></trkpt><trkpt lat="36.99769400000009" lon="-3.987114999999993"><ele>894.509</ele><time>2023-04-08T13:19:36Z</time></trkpt><trkpt lat="36.997751000000086" lon="-3.987105999999993"><ele>894.788</ele><time>2023-04-08T13:19:40Z</time></trkpt><trkpt lat="36.997796000000086" lon="-3.9870979999999934"><ele>894.740</ele><time>2023-04-08T13:19:43Z</time></trkpt><trkpt lat="36.99784900000009" lon="-3.987105999999993"><ele>894.797</ele><time>2023-04-08T13:19:47Z</time></trkpt><trkpt lat="36.99789900000009" lon="-3.9871099999999933"><ele>894.675</ele><time>2023-04-08T13:19:51Z</time></trkpt><trkpt lat="36.99794600000009" lon="-3.9871209999999935"><ele>894.493</ele><time>2023-04-08T13:19:54Z</time></trkpt><trkpt lat="36.99799700000009" lon="-3.9871329999999934"><ele>894.598</ele><time>2023-04-08T13:19:59Z</time></trkpt><trkpt lat="36.99804200000009" lon="-3.9871469999999936"><ele>894.697</ele><time>2023-04-08T13:20:03Z</time></trkpt><trkpt lat="36.99809200000009" lon="-3.9871769999999938"><ele>894.785</ele><time>2023-04-08T13:20:07Z</time></trkpt><trkpt lat="36.99814900000009" lon="-3.987187999999994"><ele>895.476</ele><time>2023-04-08T13:20:11Z</time></trkpt><trkpt lat="36.99819600000009" lon="-3.987193999999994"><ele>895.778</ele><time>2023-04-08T13:20:14Z</time></trkpt><trkpt lat="36.99824100000009" lon="-3.987209999999994"><ele>896.033</ele><time>2023-04-08T13:20:17Z</time></trkpt><trkpt lat="36.99828100000009" lon="-3.987237999999994"><ele>896.526</ele><time>2023-04-08T13:20:20Z</time></trkpt><trkpt lat="36.998322000000094" lon="-3.9872779999999937"><ele>899.309</ele><time>2023-04-08T13:20:24Z</time></trkpt><trkpt lat="36.99837100000009" lon="-3.987307999999994"><ele>899.658</ele><time>2023-04-08T13:20:32Z</time></trkpt><trkpt lat="36.998401000000094" lon="-3.9873549999999938"><ele>899.970</ele><time>2023-04-08T13:20:38Z</time></trkpt><trkpt lat="36.99843800000009" lon="-3.9874049999999936"><ele>900.147</ele><time>2023-04-08T13:20:43Z</time></trkpt><trkpt lat="36.99847800000009" lon="-3.9874489999999936"><ele>900.795</ele><time>2023-04-08T13:20:48Z</time></trkpt><trkpt lat="36.998519000000094" lon="-3.9874739999999935"><ele>901.263</ele><time>2023-04-08T13:20:52Z</time></trkpt><trkpt lat="36.99856200000009" lon="-3.9874989999999935"><ele>901.838</ele><time>2023-04-08T13:20:55Z</time></trkpt><trkpt lat="36.998600000000096" lon="-3.9875409999999936"><ele>902.737</ele><time>2023-04-08T13:20:59Z</time></trkpt><trkpt lat="36.9986330000001" lon="-3.9875809999999934"><ele>904.385</ele><time>2023-04-08T13:21:03Z</time></trkpt><trkpt lat="36.9986700000001" lon="-3.9876169999999935"><ele>905.516</ele><time>2023-04-08T13:21:07Z</time></trkpt><trkpt lat="36.9987200000001" lon="-3.9876429999999936"><ele>906.794</ele><time>2023-04-08T13:21:11Z</time></trkpt><trkpt lat="36.9987780000001" lon="-3.9876579999999935"><ele>906.857</ele><time>2023-04-08T13:21:15Z</time></trkpt><trkpt lat="36.9988310000001" lon="-3.9876669999999934"><ele>907.622</ele><time>2023-04-08T13:21:19Z</time></trkpt><trkpt lat="36.9988820000001" lon="-3.9876699999999934"><ele>908.109</ele><time>2023-04-08T13:21:23Z</time></trkpt><trkpt lat="36.9989350000001" lon="-3.9876739999999935"><ele>910.060</ele><time>2023-04-08T13:21:27Z</time></trkpt><trkpt lat="36.998982000000105" lon="-3.9876859999999934"><ele>910.842</ele><time>2023-04-08T13:21:30Z</time></trkpt><trkpt lat="36.99905100000011" lon="-3.9876899999999935"><ele>910.919</ele><time>2023-04-08T13:21:35Z</time></trkpt><trkpt lat="36.99910100000011" lon="-3.9876969999999936"><ele>910.877</ele><time>2023-04-08T13:21:40Z</time></trkpt><trkpt lat="36.99914500000011" lon="-3.9877139999999938"><ele>910.765</ele><time>2023-04-08T13:21:44Z</time></trkpt><trkpt lat="36.99919000000011" lon="-3.987727999999994"><ele>910.570</ele><time>2023-04-08T13:21:47Z</time></trkpt><trkpt lat="36.99924100000011" lon="-3.987757999999994"><ele>909.749</ele><time>2023-04-08T13:21:51Z</time></trkpt><trkpt lat="36.99928700000011" lon="-3.987792999999994"><ele>909.067</ele><time>2023-04-08T13:21:55Z</time></trkpt><trkpt lat="36.99932600000011" lon="-3.987823999999994"><ele>908.758</ele><time>2023-04-08T13:21:59Z</time></trkpt><trkpt lat="36.99937200000011" lon="-3.987846999999994"><ele>908.466</ele><time>2023-04-08T13:22:03Z</time></trkpt><trkpt lat="36.99941300000011" lon="-3.987875999999994"><ele>908.229</ele><time>2023-04-08T13:22:07Z</time></trkpt><trkpt lat="36.99946300000011" lon="-3.9878859999999943"><ele>908.121</ele><time>2023-04-08T13:22:11Z</time></trkpt><trkpt lat="36.999490000000115" lon="-3.9879319999999945"><ele>907.909</ele><time>2023-04-08T13:22:16Z</time></trkpt><trkpt lat="36.999507000000115" lon="-3.9879899999999946"><ele>907.677</ele><time>2023-04-08T13:22:21Z</time></trkpt><trkpt lat="36.999544000000114" lon="-3.9880299999999944"><ele>907.079</ele><time>2023-04-08T13:22:25Z</time></trkpt><trkpt lat="36.99958700000011" lon="-3.9880659999999946"><ele>906.456</ele><time>2023-04-08T13:22:28Z</time></trkpt><trkpt lat="36.99962700000011" lon="-3.9880969999999945"><ele>905.684</ele><time>2023-04-08T13:22:31Z</time></trkpt><trkpt lat="36.99967000000011" lon="-3.9881399999999942"><ele>904.882</ele><time>2023-04-08T13:22:35Z</time></trkpt><trkpt lat="36.99971200000011" lon="-3.988173999999994"><ele>904.637</ele><time>2023-04-08T13:22:39Z</time></trkpt><trkpt lat="36.99975300000011" lon="-3.988208999999994"><ele>904.416</ele><time>2023-04-08T13:22:43Z</time></trkpt><trkpt lat="36.99979500000011" lon="-3.988236999999994"><ele>903.954</ele><time>2023-04-08T13:22:46Z</time></trkpt><trkpt lat="36.99984700000011" lon="-3.988272999999994"><ele>903.535</ele><time>2023-04-08T13:22:50Z</time></trkpt><trkpt lat="36.99989200000011" lon="-3.9882869999999944"><ele>902.992</ele><time>2023-04-08T13:22:55Z</time></trkpt><trkpt lat="36.99989300000011" lon="-3.9883549999999945"><ele>901.473</ele><time>2023-04-08T13:23:01Z</time></trkpt><trkpt lat="36.9998830000001" lon="-3.9884159999999946"><ele>900.920</ele><time>2023-04-08T13:23:05Z</time></trkpt><trkpt lat="36.999871000000105" lon="-3.988486999999995"><ele>900.009</ele><time>2023-04-08T13:23:09Z</time></trkpt><trkpt lat="36.999877000000104" lon="-3.9885499999999947"><ele>899.010</ele><time>2023-04-08T13:23:13Z</time></trkpt><trkpt lat="36.9998890000001" lon="-3.988620999999995"><ele>897.262</ele><time>2023-04-08T13:23:17Z</time></trkpt><trkpt lat="36.999891000000105" lon="-3.9886769999999947"><ele>896.299</ele><time>2023-04-08T13:23:20Z</time></trkpt><trkpt lat="36.9999090000001" lon="-3.9887399999999946"><ele>895.047</ele><time>2023-04-08T13:23:24Z</time></trkpt><trkpt lat="36.9999480000001" lon="-3.988769999999995"><ele>892.665</ele><time>2023-04-08T13:23:46Z</time></trkpt><trkpt lat="36.9999380000001" lon="-3.988840999999995"><ele>892.550</ele><time>2023-04-08T13:24:06Z</time></trkpt><trkpt lat="36.9999270000001" lon="-3.988900999999995"><ele>892.459</ele><time>2023-04-08T13:24:10Z</time></trkpt><trkpt lat="36.9999240000001" lon="-3.988957999999995"><ele>892.447</ele><time>2023-04-08T13:24:14Z</time></trkpt><trkpt lat="36.9999270000001" lon="-3.9890139999999947"><ele>892.358</ele><time>2023-04-08T13:24:17Z</time></trkpt><trkpt lat="36.9999320000001" lon="-3.989081999999995"><ele>891.726</ele><time>2023-04-08T13:24:21Z</time></trkpt><trkpt lat="36.9999310000001" lon="-3.989139999999995"><ele>890.747</ele><time>2023-04-08T13:24:25Z</time></trkpt><trkpt lat="36.9999290000001" lon="-3.989201999999995"><ele>890.411</ele><time>2023-04-08T13:24:29Z</time></trkpt><trkpt lat="36.9999340000001" lon="-3.989269999999995"><ele>890.109</ele><time>2023-04-08T13:24:32Z</time></trkpt><trkpt lat="36.999944000000106" lon="-3.989325999999995"><ele>889.953</ele><time>2023-04-08T13:24:35Z</time></trkpt><trkpt lat="36.99996600000011" lon="-3.9893879999999946"><ele>889.715</ele><time>2023-04-08T13:24:39Z</time></trkpt><trkpt lat="36.999992000000105" lon="-3.9894349999999945"><ele>889.792</ele><time>2023-04-08T13:24:43Z</time></trkpt><trkpt lat="37.00002800000011" lon="-3.9894849999999944"><ele>889.750</ele><time>2023-04-08T13:24:47Z</time></trkpt><trkpt lat="37.000062000000106" lon="-3.9895329999999944"><ele>889.758</ele><time>2023-04-08T13:24:51Z</time></trkpt><trkpt lat="37.000082000000106" lon="-3.9895899999999944"><ele>889.753</ele><time>2023-04-08T13:24:55Z</time></trkpt><trkpt lat="37.0001140000001" lon="-3.9896359999999946"><ele>889.712</ele><time>2023-04-08T13:24:58Z</time></trkpt><trkpt lat="37.00015200000011" lon="-3.989681999999995"><ele>889.860</ele><time>2023-04-08T13:25:01Z</time></trkpt><trkpt lat="37.000201000000104" lon="-3.9897219999999947"><ele>889.991</ele><time>2023-04-08T13:25:04Z</time></trkpt><trkpt lat="37.000223000000105" lon="-3.9897849999999946"><ele>890.593</ele><time>2023-04-08T13:25:10Z</time></trkpt><trkpt lat="37.000259000000106" lon="-3.9898259999999945"><ele>891.565</ele><time>2023-04-08T13:25:14Z</time></trkpt><trkpt lat="37.00030100000011" lon="-3.9898549999999946"><ele>891.721</ele><time>2023-04-08T13:25:17Z</time></trkpt><trkpt lat="37.000350000000104" lon="-3.989881999999995"><ele>892.309</ele><time>2023-04-08T13:25:20Z</time></trkpt><trkpt lat="37.000406000000105" lon="-3.989916999999995"><ele>892.540</ele><time>2023-04-08T13:25:23Z</time></trkpt><trkpt lat="37.0004550000001" lon="-3.989942999999995"><ele>893.162</ele><time>2023-04-08T13:25:26Z</time></trkpt><trkpt lat="37.000499000000104" lon="-3.9899859999999947"><ele>893.459</ele><time>2023-04-08T13:25:30Z</time></trkpt><trkpt lat="37.00054600000011" lon="-3.9899989999999947"><ele>893.627</ele><time>2023-04-08T13:25:34Z</time></trkpt><trkpt lat="37.000603000000105" lon="-3.990005999999995"><ele>894.225</ele><time>2023-04-08T13:25:38Z</time></trkpt><trkpt lat="37.0006490000001" lon="-3.9900019999999947"><ele>894.480</ele><time>2023-04-08T13:25:41Z</time></trkpt><trkpt lat="37.000707000000105" lon="-3.9899949999999946"><ele>894.849</ele><time>2023-04-08T13:25:45Z</time></trkpt><trkpt lat="37.00075700000011" lon="-3.9899889999999947"><ele>895.327</ele><time>2023-04-08T13:25:49Z</time></trkpt><trkpt lat="37.00080200000011" lon="-3.9899799999999948"><ele>895.858</ele><time>2023-04-08T13:25:52Z</time></trkpt><trkpt lat="37.00084900000011" lon="-3.989967999999995"><ele>896.857</ele><time>2023-04-08T13:25:56Z</time></trkpt><trkpt lat="37.00090500000011" lon="-3.989949999999995"><ele>897.400</ele><time>2023-04-08T13:26:00Z</time></trkpt><trkpt lat="37.00095600000011" lon="-3.989925999999995"><ele>897.920</ele><time>2023-04-08T13:26:04Z</time></trkpt><trkpt lat="37.00100300000011" lon="-3.9898919999999953"><ele>898.309</ele><time>2023-04-08T13:26:07Z</time></trkpt><trkpt lat="37.00104800000011" lon="-3.9898539999999953"><ele>899.236</ele><time>2023-04-08T13:26:11Z</time></trkpt><trkpt lat="37.00109700000011" lon="-3.9898249999999953"><ele>900.478</ele><time>2023-04-08T13:26:16Z</time></trkpt><trkpt lat="37.00114800000011" lon="-3.989798999999995"><ele>901.015</ele><time>2023-04-08T13:26:21Z</time></trkpt><trkpt lat="37.00119000000011" lon="-3.9897739999999953"><ele>901.413</ele><time>2023-04-08T13:26:25Z</time></trkpt><trkpt lat="37.00124000000011" lon="-3.9897519999999953"><ele>902.151</ele><time>2023-04-08T13:26:30Z</time></trkpt><trkpt lat="37.00127700000011" lon="-3.9897109999999953"><ele>902.826</ele><time>2023-04-08T13:26:37Z</time></trkpt><trkpt lat="37.00132800000011" lon="-3.9896899999999955"><ele>903.115</ele><time>2023-04-08T13:26:42Z</time></trkpt><trkpt lat="37.001312000000105" lon="-3.9896359999999955"><ele>903.913</ele><time>2023-04-08T13:26:51Z</time></trkpt><trkpt lat="37.0013270000001" lon="-3.9895759999999956"><ele>904.394</ele><time>2023-04-08T13:26:56Z</time></trkpt><trkpt lat="37.001357000000105" lon="-3.9895299999999954"><ele>904.741</ele><time>2023-04-08T13:27:00Z</time></trkpt><trkpt lat="37.001380000000104" lon="-3.9894659999999953"><ele>905.581</ele><time>2023-04-08T13:27:05Z</time></trkpt><trkpt lat="37.001399000000106" lon="-3.9894099999999955"><ele>906.509</ele><time>2023-04-08T13:27:09Z</time></trkpt><trkpt lat="37.001433000000105" lon="-3.9893589999999954"><ele>907.209</ele><time>2023-04-08T13:27:14Z</time></trkpt><trkpt lat="37.0014680000001" lon="-3.9893209999999955"><ele>907.675</ele><time>2023-04-08T13:27:18Z</time></trkpt><trkpt lat="37.0015130000001" lon="-3.9892949999999954"><ele>907.937</ele><time>2023-04-08T13:27:22Z</time></trkpt><trkpt lat="37.0015480000001" lon="-3.9892569999999954"><ele>908.374</ele><time>2023-04-08T13:27:25Z</time></trkpt><trkpt lat="37.0015860000001" lon="-3.9892219999999954"><ele>908.392</ele><time>2023-04-08T13:27:30Z</time></trkpt><trkpt lat="37.0016320000001" lon="-3.9892029999999954"><ele>908.570</ele><time>2023-04-08T13:27:34Z</time></trkpt><trkpt lat="37.0016770000001" lon="-3.9891809999999954"><ele>908.455</ele><time>2023-04-08T13:27:38Z</time></trkpt><trkpt lat="37.0017200000001" lon="-3.9891589999999955"><ele>908.064</ele><time>2023-04-08T13:27:42Z</time></trkpt><trkpt lat="37.001772000000095" lon="-3.9891459999999954"><ele>907.112</ele><time>2023-04-08T13:27:46Z</time></trkpt><trkpt lat="37.0018190000001" lon="-3.9891589999999955"><ele>906.663</ele><time>2023-04-08T13:27:50Z</time></trkpt><trkpt lat="37.001865000000095" lon="-3.9891769999999953"><ele>906.013</ele><time>2023-04-08T13:27:54Z</time></trkpt><trkpt lat="37.00191400000009" lon="-3.9891399999999955"><ele>905.743</ele><time>2023-04-08T13:27:59Z</time></trkpt><trkpt lat="37.00195900000009" lon="-3.9891179999999955"><ele>905.207</ele><time>2023-04-08T13:28:02Z</time></trkpt><trkpt lat="37.00200900000009" lon="-3.9890919999999954"><ele>904.609</ele><time>2023-04-08T13:28:07Z</time></trkpt><trkpt lat="37.0020470000001" lon="-3.9890499999999953"><ele>903.422</ele><time>2023-04-08T13:28:11Z</time></trkpt><trkpt lat="37.002081000000096" lon="-3.9890059999999954"><ele>903.014</ele><time>2023-04-08T13:28:16Z</time></trkpt><trkpt lat="37.0021220000001" lon="-3.9889639999999953"><ele>902.321</ele><time>2023-04-08T13:28:21Z</time></trkpt><trkpt lat="37.0021540000001" lon="-3.9889229999999953"><ele>901.889</ele><time>2023-04-08T13:28:26Z</time></trkpt><trkpt lat="37.0021930000001" lon="-3.9888829999999955"><ele>901.287</ele><time>2023-04-08T13:28:30Z</time></trkpt><trkpt lat="37.002236000000096" lon="-3.9888479999999955"><ele>900.992</ele><time>2023-04-08T13:28:34Z</time></trkpt><trkpt lat="37.0022770000001" lon="-3.9888179999999953"><ele>900.121</ele><time>2023-04-08T13:28:37Z</time></trkpt><trkpt lat="37.002323000000096" lon="-3.9887749999999955"><ele>899.429</ele><time>2023-04-08T13:28:41Z</time></trkpt><trkpt lat="37.0023560000001" lon="-3.9887289999999953"><ele>898.960</ele><time>2023-04-08T13:28:46Z</time></trkpt><trkpt lat="37.0024090000001" lon="-3.988724999999995"><ele>897.777</ele><time>2023-04-08T13:28:50Z</time></trkpt><trkpt lat="37.0024540000001" lon="-3.988746999999995"><ele>896.861</ele><time>2023-04-08T13:28:53Z</time></trkpt><trkpt lat="37.0024960000001" lon="-3.988784999999995"><ele>896.627</ele><time>2023-04-08T13:28:57Z</time></trkpt><trkpt lat="37.0025160000001" lon="-3.988844999999995"><ele>896.409</ele><time>2023-04-08T13:29:00Z</time></trkpt><trkpt lat="37.0025330000001" lon="-3.988900999999995"><ele>896.448</ele><time>2023-04-08T13:29:04Z</time></trkpt><trkpt lat="37.002537000000096" lon="-3.988966999999995"><ele>896.450</ele><time>2023-04-08T13:29:08Z</time></trkpt><trkpt lat="37.0025140000001" lon="-3.9890299999999947"><ele>896.617</ele><time>2023-04-08T13:29:12Z</time></trkpt></trkseg></trk></gpx>